lifetime,travel_displacement,ymin,is_plate_valid,timestamp_precise,travel_trajectory,timestamp,car_brand,frame_no,travel_distance,image_name,ymax,true_video_name,province_confidence,purchasing_power,plate_image_name,plate_number,xmin,car_brand_confidence,original_video_name,plate_number_confidence,similarized_plate_number,vehicle_type,plate_color_confidence,camera,xmax,plate_color,video_name,vehicle_type_confidence,province,xmid,ymid,timestamp_unix,timestamp_unix_end,reverse_count,cross_count
25.19599986076355,1899.9543154272096,0,True,2024-04-29 02:10:06.124,201.74238901785844,2024-04-29 02:10:01,nissan,48,2330.97288693006,2024-04-29T09-10-06_FLAG_P_FID_48_OID_6g0_mbk-14-13-vehicle_1714356601_1714356606_48.jpg,468,mbk-14-13_1714356601.mp4,0.9896582961082458,economy,,5กก9770,1053,0.9613338708877563,mbk-14-13-vehicle_1714356601.mp4,0.9633160612397988,5กก9770,pickup,0.7043967997619237,mbk-14-13-vehicle,1843,white,mbk-14-13-vehicle_1714356601.mp4,0.2812760472297668,th-10,1448.0,234.0,1714356606,1714356631,0,0
2.757999897003174,1039.1378397975525,0,True,2024-04-29 02:39:01.057,221.84802885219847,2024-04-29 02:35:01,bike,1928,1068.2449693755416,2024-04-29T09-39-01_FLAG_P_FID_1928_OID_35g0_mbk-14-13-vehicle_1714358101_1714358341_1928.jpg,363,mbk-14-13_1714358101.mp4,0.830184280872345,,,สก180,763,0.9136273264884948,mbk-14-13-vehicle_1714358101.mp4,0.9995845453326532,ลก180,motorbike,0.3749926053057031,mbk-14-13-vehicle,1217,yellow,mbk-14-13-vehicle_1714358101.mp4,0.9215923547744752,,990.0,181.5,1714358341,1714358343,0,0
30.55399990081787,1276.772530870932,0,True,2024-04-29 02:49:58.203,222.17470824162996,2024-04-29 02:50:01,toyota,2394,2131.6687615045,2024-04-29T09-49-58_FLAG_P_FID_2394_OID_61g0_mbk-14-13-vehicle_1714358701_1714358998_2394.jpg,318,mbk-14-13_1714358701.mp4,0.988261878490448,economy,,ทฬ709,697,0.9997511506080629,mbk-14-13-vehicle_1714358701.mp4,0.9991960169097358,ทฬ709,pickup,0.6944846053844466,mbk-14-13-vehicle,1360,yellow,mbk-14-13-vehicle_1714359001.mp4,0.4097457230091095,th-10,1028.5,159.0,1714358998,1714359028,1,3
1.5989999771118164,1104.1939698991184,0,True,2024-04-29 02:54:46.806,221.51747441440563,2024-04-29 02:50:01,toyota,2295,1147.6339576760429,2024-04-29T09-54-46_FLAG_P_FID_2295_OID_73g0_mbk-14-13-vehicle_1714359001_1714359286_2295.jpg,360,mbk-14-13_1714359001.mp4,0.999854326248169,economy,,1มก3392,576,0.8687052726745605,mbk-14-13-vehicle_1714359001.mp4,0.9861851259235866,1มก3392,taxi,0.7703207740842919,mbk-14-13-vehicle,1316,yellow,mbk-14-13-vehicle_1714359001.mp4,0.9918177127838136,th-10,946.0,180.0,1714359286,1714359287,0,0
7.517999887466431,1377.909640289089,0,True,2024-04-29 02:58:18.830,225.2065944634734,2024-04-29 02:55:02,honda,1582,1469.7169518588487,2024-04-29T09-58-18_FLAG_P_FID_1582_OID_78g0_mbk-14-13-vehicle_1714359302_1714359498_1582.jpg,332,mbk-14-13_1714359302.mp4,0.9713038206100464,,,ฎษ589,742,0.9140876531600952,mbk-14-13-vehicle_1714359302.mp4,0.9999323025554842,ฎษ589,pickup,0.5632072796060021,mbk-14-13-vehicle,1360,white,mbk-14-13-vehicle_1714359302.mp4,0.9471995830535888,th-10,1051.0,166.0,1714359498,1714359505,0,1
223.17799997329712,1479.7784340610665,0,True,2024-04-29 03:15:42.993,229.3003435983844,2024-04-29 03:15:01,isuzu,343,4443.284603410735,2024-04-29T10-15-42_FLAG_P_FID_343_OID_17g0_mbk-14-13-vehicle_1714360501_1714360542_343.jpg,351,mbk-14-13_1714360501.mp4,0.7651916742324829,economy,,339835,728,0.9911552667617798,mbk-14-13-vehicle_1714360501.mp4,0.955600138223084,339835,pickup,0.8707224008922079,mbk-14-13-vehicle,1405,yellow,mbk-14-13-vehicle_1714360501.mp4,0.934107542037964,th-10,1066.5,175.5,1714360542,1714360765,1,2
155.0789999961853,1971.981520681676,0,True,2024-04-29 03:28:45.702,220.4721256346597,2024-04-29 03:30:01,toyota,1805,4412.950293405964,2024-04-29T10-28-45_FLAG_P_FID_1805_OID_33g0_mbk-14-13-vehicle_1714361101_1714361325_1805.jpg,473,mbk-14-13_1714361101.mp4,0.953101634979248,premium,,335937,1133,0.9495858550071716,mbk-14-13-vehicle_1714361101.mp4,0.998274919565078,335937,van,0.894917573865036,mbk-14-13-vehicle,1791,yellow,mbk-14-13-vehicle_1714361401.mp4,0.7236800193786621,th-10,1462.0,236.5,1714361325,1714361480,2,0
196.02999997138977,1921.480196862003,0,False,2024-04-29 03:48:55.940,208.86127863655983,2024-04-29 03:50:01,,1879,16631.46099973332,,461,mbk-14-13_1714362302.mp4,,,,,1313,,mbk-14-13-vehicle_1714362302.mp4,,,,,mbk-14-13-vehicle,2016,,mbk-14-13-vehicle_1714362601.mp4,,,1664.5,230.5,1714362535,1714362731,2,22
9.200999975204468,2006.476586085251,0,True,2024-04-29 03:55:04.645,205.921977550216,2024-04-29 03:55:01,toyota,36,2220.6502075546387,2024-04-29T10-55-04_FLAG_P_FID_36_OID_66g0_mbk-14-13-vehicle_1714362901_1714362904_36.jpg,470,mbk-14-13_1714362901.mp4,0.9972388744354248,economy,,ทห1490,1044,0.9999037981033324,mbk-14-13-vehicle_1714362901.mp4,0.9998127042766836,ทท1490,taxi,0.6869604810470528,mbk-14-13-vehicle,1901,yellow,mbk-14-13-vehicle_1714362901.mp4,0.9841212034225464,th-10,1472.5,235.0,1714362904,1714362913,0,0
171.6360001564026,2002.417742490708,0,True,2024-04-29 04:11:48.856,204.4966443648449,2024-04-29 04:10:01,toyota,870,4025.864241449767,2024-04-29T11-11-48_FLAG_P_FID_870_OID_8g0_mbk-14-13-vehicle_1714363801_1714363908_870.jpg,473,mbk-14-13_1714363801.mp4,0.9684696197509766,premium,,ฮง6151,967,0.9636143445968628,mbk-14-13-vehicle_1714363801.mp4,0.995525925334158,ธง6151,van,0.725453216854598,mbk-14-13-vehicle,1979,white,mbk-14-13-vehicle_1714363801.mp4,0.709057629108429,th-10,1473.0,236.5,1714363908,1714364079,0,1
6.23799991607666,1863.814442112706,0,False,2024-04-29 04:31:16.424,211.43297871899324,2024-04-29 04:30:01,,610,2010.3372418064832,,484,mbk-14-13_1714365001.mp4,,,,,1152,,mbk-14-13-vehicle_1714365001.mp4,,,,,mbk-14-13-vehicle,1908,,mbk-14-13-vehicle_1714365001.mp4,,,1530.0,242.0,1714365076,1714365082,0,0
87.21499991416931,1595.024902331385,0,True,2024-04-29 04:37:03.731,190.3198965812418,2024-04-29 04:35:01,toyota,989,6174.082640943367,2024-04-29T11-37-03_FLAG_P_FID_989_OID_38g0_mbk-14-13-vehicle_1714365301_1714365423_989.jpg,459,mbk-14-13_1714365301.mp4,0.9992882609367372,economy,,360080,1320,0.9932739734649658,mbk-14-13-vehicle_1714365301.mp4,0.9999396548813804,360080,pickup,0.7002221688453258,mbk-14-13-vehicle,2079,white,mbk-14-13-vehicle_1714365301.mp4,0.9895289540290833,th-10,1699.5,229.5,1714365423,1714365510,2,4
974.0980000495912,1934.106040647409,0,True,2024-04-29 04:42:37.602,209.250037075078,2024-04-29 04:55:01,discard,1260,12655.776179639815,2024-04-29T11-42-37_FLAG_P_FID_1260_OID_50g0_mbk-14-13-vehicle_1714365601_1714365757_1260.jpg,454,mbk-14-13_1714365601.mp4,0.8663293123245239,,,339833,1332,0.5629231333732605,mbk-14-13-vehicle_1714365601.mp4,0.985539114134837,339833,pickup,0.8374440066787491,mbk-14-13-vehicle,1993,yellow,mbk-14-13-vehicle_1714366501.mp4,0.9359935522079468,th-10,1662.5,227.0,1714365757,1714366731,5,10
59.62299990653992,1824.4945551598717,0,False,2024-04-29 04:42:44.960,193.17102968045415,2024-04-29 04:40:01,,1319,3274.1898933815846,2024-04-29T11-42-44_FLAG_P_FID_1319_OID_51g0_mbk-14-13-vehicle_1714365601_1714365764_1319.jpg,454,mbk-14-13_1714365601.mp4,,,,,1189,,mbk-14-13-vehicle_1714365601.mp4,,,,,mbk-14-13-vehicle,2061,,mbk-14-13-vehicle_1714365601.mp4,,,1625.0,227.0,1714365764,1714365823,1,2
37.47000002861023,1930.336585190089,0,False,2024-04-29 05:04:17.733,195.5538808347004,2024-04-29 05:00:01,discard,2061,2199.255962677993,2024-04-29T12-04-17_FLAG_P_FID_2061_OID_2g0_mbk-14-13-vehicle_1714366801_1714367057_2061.jpg,440,mbk-14-13_1714366801.mp4,,,,,770,0.9951600432395936,mbk-14-13-vehicle_1714366801.mp4,,,pickup,,mbk-14-13-vehicle,1843,,mbk-14-13-vehicle_1714366801.mp4,0.9995265007019044,,1306.5,220.0,1714367057,1714367094,0,0
6.3999998569488525,1604.8145063858126,0,True,2024-04-29 05:12:27.604,204.90070575790605,2024-04-29 05:10:01,bike,1180,1741.0614947718227,2024-04-29T12-12-27_FLAG_P_FID_1180_OID_15g0_mbk-14-13-vehicle_1714367401_1714367547_1180.jpg,447,mbk-14-13_1714367401.mp4,0.9411532282829284,,,สก4166,1124,0.9943337440490724,mbk-14-13-vehicle_1714367401.mp4,0.820718949530586,ลก4166,bus,0.6908951933973395,mbk-14-13-vehicle,1775,yellow,mbk-14-13-vehicle_1714367401.mp4,0.5791468024253845,,1449.5,223.5,1714367547,1714367553,0,0
99.73200011253356,1079.8086000465685,0,True,2024-04-29 05:16:06.347,215.4654441193096,2024-04-29 05:15:01,toyota,530,5255.5487623126855,2024-04-29T12-16-06_FLAG_P_FID_530_OID_17g0_mbk-14-13-vehicle_1714367701_1714367766_530.jpg,484,mbk-14-13_1714367701.mp4,0.9585309028625488,economy,,329727,1283,0.9767822623252868,mbk-14-13-vehicle_1714367701.mp4,0.9955351062974144,329727,pickup,0.3643682636711239,mbk-14-13-vehicle,2131,yellow,mbk-14-13-vehicle_1714367701.mp4,0.9998505115509032,th-10,1707.0,242.0,1714367766,1714367865,1,8
15.236000061035156,1780.4940924820455,0,True,2024-04-29 05:25:26.998,202.95612774161745,2024-04-29 05:25:01,discard,215,2219.098697706907,2024-04-29T12-25-26_FLAG_P_FID_215_OID_27g0_mbk-14-13-vehicle_1714368301_1714368326_215.jpg,475,mbk-14-13_1714368301.mp4,0.9848548769950868,,,สก1284,1571,0.9989933371543884,mbk-14-13-vehicle_1714368301.mp4,0.9996709035125528,ลก1284,tuktuk,0.7107828920830468,mbk-14-13-vehicle,2086,yellow,mbk-14-13-vehicle_1714368301.mp4,1.0,,1828.5,237.5,1714368326,1714368341,0,1
4.879000186920166,407.8135502445667,0,True,2024-04-29 05:42:07.490,199.63168931721395,2024-04-29 05:40:01,bike,1019,427.911083200133,2024-04-29T12-42-07_FLAG_P_FID_1019_OID_51g0_mbk-14-13-vehicle_1714369201_1714369327_1019.jpg,468,mbk-14-13_1714369201.mp4,0.9051042795181274,,,สก2394,1363,0.999415159225464,mbk-14-13-vehicle_1714369201.mp4,0.9991728747642846,ลก2394,tuktuk,0.4912289743589766,mbk-14-13-vehicle,1951,white,mbk-14-13-vehicle_1714369201.mp4,1.0,,1657.0,234.0,1714369327,1714369331,0,1
10.35700011253357,539.264463110492,0,True,2024-04-29 05:42:14.328,203.28027819641383,2024-04-29 05:40:01,bike,1074,1196.1806376599686,2024-04-29T12-42-14_FLAG_P_FID_1074_OID_52g0_mbk-14-13-vehicle_1714369201_1714369334_1074.jpg,573,mbk-14-13_1714369201.mp4,0.7172282934188843,,,สก2394,1091,0.952599048614502,mbk-14-13-vehicle_1714369201.mp4,0.999988697633049,ลก2394,tuktuk,0.5368024831505358,mbk-14-13-vehicle,2180,yellow,mbk-14-13-vehicle_1714369201.mp4,0.9999473094940186,th-10,1635.5,286.5,1714369334,1714369344,0,0
209.54500007629397,1996.7967056053187,0,True,2024-04-29 05:46:23.862,204.3855549865468,2024-04-29 05:45:01,discard,670,6072.051299147463,2024-04-29T12-46-23_FLAG_P_FID_670_OID_73g0_mbk-14-13-vehicle_1714369501_1714369583_670.jpg,463,mbk-14-13_1714369501.mp4,0.995896816253662,,,ฮภ7006,1229,0.8219500780105591,mbk-14-13-vehicle_1714369501.mp4,0.9999775013106288,ธก7006,pickup,0.6914255370660047,mbk-14-13-vehicle,2086,white,mbk-14-13-vehicle_1714369501.mp4,0.9986338019371032,th-10,1657.5,231.5,1714369583,1714369792,0,8
105.09099984169006,2075.5159355659407,0,True,2024-04-29 05:47:34.722,204.7141780269389,2024-04-29 05:45:01,toyota,1237,3547.0692860225777,2024-04-29T12-47-34_FLAG_P_FID_1237_OID_78g0_mbk-14-13-vehicle_1714369501_1714369654_1237.jpg,454,mbk-14-13_1714369501.mp4,0.9981597065925598,economy,,1นจ4052,1267,0.9797913432121276,mbk-14-13-vehicle_1714369501.mp4,0.9999896537763796,1นจ4052,pickup,0.746321029636104,mbk-14-13-vehicle,2103,white,mbk-14-13-vehicle_1714369501.mp4,0.9885982275009156,th-10,1685.0,227.0,1714369654,1714369759,2,0
142.72000002861023,1964.2470276928789,0,True,2024-04-29 05:55:53.989,200.7039720308073,2024-04-29 05:55:01,other,431,9922.274364345823,2024-04-29T12-55-53_FLAG_P_FID_431_OID_83g0_mbk-14-13-vehicle_1714370101_1714370153_431.jpg,454,mbk-14-13_1714370101.mp4,0.9984143972396852,,,327705,1096,0.6421750783920288,mbk-14-13-vehicle_1714370101.mp4,0.9802062977420992,327705,motorbike,0.6990749242114205,mbk-14-13-vehicle,2173,yellow,mbk-14-13-vehicle_1714370101.mp4,0.4255199432373047,th-10,1634.5,227.0,1714370153,1714370295,0,4
99.65700006484984,845.8183561875887,0,True,2024-04-29 06:04:01.179,210.07942266145935,2024-04-29 06:10:01,toyota,1930,3896.3931867567735,2024-04-29T13-04-01_FLAG_P_FID_1930_OID_5g0_mbk-14-13-vehicle_1714370401_1714370641_1930.jpg,477,mbk-14-13_1714370401.mp4,0.9916270971298218,economy,,324602,1295,0.9995037317276,mbk-14-13-vehicle_1714370401.mp4,0.9999304149245428,324602,pickup,0.7588684604388299,mbk-14-13-vehicle,2077,yellow,mbk-14-13-vehicle_1714371001.mp4,0.999542474746704,th-10,1686.0,238.5,1714370641,1714370740,0,9
268.6449999809265,2086.482730199108,0,True,2024-04-29 06:10:06.403,206.6801027885319,2024-04-29 06:10:01,toyota,50,4683.515441707122,2024-04-29T13-10-06_FLAG_P_FID_50_OID_10g0_mbk-14-13-vehicle_1714371001_1714371006_50.jpg,473,mbk-14-13_1714371001.mp4,0.7822023034095764,economy,,339915,1332,0.9662922024726868,mbk-14-13-vehicle_1714371001.mp4,0.9579011664041048,339915,pickup,0.4000872059623283,mbk-14-13-vehicle,2098,yellow,mbk-14-13-vehicle_1714371001.mp4,0.9994664788246156,,1715.0,236.5,1714371006,1714371274,1,3
849.4960000514984,1752.6878248562043,0,False,2024-04-29 06:18:06.312,204.76711932017744,2024-04-29 06:30:01,,1490,16499.886617253655,2024-04-29T13-18-06_FLAG_P_FID_1490_OID_18g0_mbk-14-13-vehicle_1714371301_1714371486_1490.jpg,470,mbk-14-13_1714371301.mp4,,,,,1445,,mbk-14-13-vehicle_1714371301.mp4,,,,,mbk-14-13-vehicle,1932,,mbk-14-13-vehicle_1714372201.mp4,,,1688.5,235.0,1714371486,1714372335,10,5
77.85899996757507,1213.052095048864,2,False,2024-04-29 06:28:06.594,186.0958615445958,2024-04-29 06:25:01,discard,1492,5295.754080465991,2024-04-29T13-28-06_FLAG_P_FID_1492_OID_21g0_mbk-14-13-vehicle_1714371901_1714372086_1492.jpg,400,mbk-14-13_1714371901.mp4,,,,,84,0.9895707368850708,mbk-14-13-vehicle_1714371901.mp4,,,pickup,,mbk-14-13-vehicle,1573,,mbk-14-13-vehicle_1714371901.mp4,0.9418640732765198,,828.5,201.0,1714372086,1714372163,0,0
30.23199987411499,1726.1636703408255,0,True,2024-04-29 06:35:12.763,206.5129009067284,2024-04-29 06:40:01,toyota,101,2710.6145926039867,2024-04-29T13-35-12_FLAG_P_FID_101_OID_29g0_mbk-14-13-vehicle_1714372501_1714372512_101.jpg,459,mbk-14-13_1714372501.mp4,0.9999314546585084,economy,,ฮฉ6547,1353,0.9808061122894288,mbk-14-13-vehicle_1714372501.mp4,0.9999990188138048,ธฉ6547,pickup,0.7359051086992184,mbk-14-13-vehicle,2075,white,mbk-14-13-vehicle_1714372801.mp4,0.9957969188690186,th-10,1714.0,229.5,1714372512,1714372542,0,2
118.84800004959106,1392.0415838243398,0,True,2024-04-29 06:41:02.508,202.4011090711611,2024-04-29 06:40:01,toyota,499,3260.6245432446103,2024-04-29T13-41-02_FLAG_P_FID_499_OID_32g0_mbk-14-13-vehicle_1714372801_1714372862_499.jpg,459,mbk-14-13_1714372801.mp4,0.99290668964386,economy,,ฮฐ4581,1269,0.99577796459198,mbk-14-13-vehicle_1714372801.mp4,0.9998683907576056,ธฐ4581,pickup,0.7720651566466401,mbk-14-13-vehicle,1990,white,mbk-14-13-vehicle_1714372801.mp4,0.9997746348381042,th-10,1629.5,229.5,1714372862,1714372980,2,2
10.878000020980837,1178.9428510394748,0,True,2024-04-29 06:43:06.473,211.43226353730736,2024-04-29 06:40:01,toyota,1491,2317.1176892266503,2024-04-29T13-43-06_FLAG_P_FID_1491_OID_46g0_mbk-14-13-vehicle_1714372801_1714372986_1491.jpg,386,mbk-14-13_1714372801.mp4,0.7949685454368591,,,315234,550,0.991817831993103,mbk-14-13-vehicle_1714372801.mp4,0.9838388338549582,315234,bus,0.4744681068961168,mbk-14-13-vehicle,1679,yellow,mbk-14-13-vehicle_1714372801.mp4,0.8950321078300476,,1114.5,193.0,1714372986,1714372996,0,0
4.638999938964844,1829.0888786492123,0,True,2024-04-29 07:12:57.636,211.9703874869099,2024-04-29 07:10:01,toyota,1420,1938.3981982527632,2024-04-29T14-12-57_FLAG_P_FID_1420_OID_9g0_mbk-14-13-vehicle_1714374601_1714374777_1420.jpg,466,mbk-14-13_1714374601.mp4,0.5044240951538086,economy,,333915,1255,0.6717602610588074,mbk-14-13-vehicle_1714374601.mp4,0.9323512528571488,333915,pickup,0.5117894444742165,mbk-14-13-vehicle,1979,yellow,mbk-14-13-vehicle_1714374601.mp4,0.6365227103233337,th-10,1617.0,233.0,1714374777,1714374781,0,0
22.873000144958496,1828.686961182055,0,True,2024-04-29 07:14:52.125,205.36711865664472,2024-04-29 07:15:01,other,2336,2086.12713547038,2024-04-29T14-14-52_FLAG_P_FID_2336_OID_11g0_mbk-14-13-vehicle_1714374601_1714374892_2336.jpg,466,mbk-14-13_1714374601.mp4,0.9967257976531982,,,กก588,1131,0.4956646561622619,mbk-14-13-vehicle_1714374601.mp4,0.9998806540698488,กก588,pickup,0.6717783552398628,mbk-14-13-vehicle,1995,white,mbk-14-13-vehicle_1714374901.mp4,0.4486961662769317,th-10,1563.0,233.0,1714374892,1714374914,0,1
7.358000040054321,1754.4857470339105,2,False,2024-04-29 07:16:38.218,199.9831065219,2024-04-29 07:15:01,discard,785,1822.562852317955,2024-04-29T14-16-38_FLAG_P_FID_785_OID_21g0_mbk-14-13-vehicle_1714374901_1714374998_785.jpg,316,mbk-14-13_1714374901.mp4,,,,,845,0.9999992847442628,mbk-14-13-vehicle_1714374901.mp4,,,truck,,mbk-14-13-vehicle,1140,,mbk-14-13-vehicle_1714374901.mp4,0.998749017715454,,992.5,159.0,1714374998,1714375005,0,0
408.0089998245239,1963.594476588512,0,True,2024-04-29 07:20:07.523,208.10866739170825,2024-04-29 07:25:01,toyota,51,6542.229118358625,2024-04-29T14-20-07_FLAG_P_FID_51_OID_23g0_mbk-14-13-vehicle_1714375202_1714375207_51.jpg,489,mbk-14-13_1714375202.mp4,0.9997735619544984,premium,,344726,1196,0.9963775277137756,mbk-14-13-vehicle_1714375202.mp4,0.9999539146695462,344726,van,0.7616353990191972,mbk-14-13-vehicle,2040,yellow,mbk-14-13-vehicle_1714375501.mp4,0.8653116226196289,th-10,1618.0,244.5,1714375207,1714375615,10,13
123.64600014686584,1903.844796459939,0,True,2024-04-29 07:27:14.008,198.69127913548104,2024-04-29 07:25:01,discard,1071,5030.6676769320575,2024-04-29T14-27-14_FLAG_P_FID_1071_OID_31g0_mbk-14-13-vehicle_1714375501_1714375634_1071.jpg,447,mbk-14-13_1714375501.mp4,0.9624147415161132,,,ฮข1068,843,0.527469277381897,mbk-14-13-vehicle_1714375501.mp4,0.7727779398372274,ธข1068,van,0.6400792751537249,mbk-14-13-vehicle,1885,white,mbk-14-13-vehicle_1714375501.mp4,0.6824187636375427,,1364.0,223.5,1714375634,1714375757,2,1
4.478999853134155,1601.2008447077149,0,True,2024-04-29 07:29:11.095,207.48335434934344,2024-04-29 07:25:01,toyota,2008,1671.2336996634745,2024-04-29T14-29-11_FLAG_P_FID_2008_OID_36g0_mbk-14-13-vehicle_1714375501_1714375751_2008.jpg,501,mbk-14-13_1714375501.mp4,0.9951174259185792,premium,,421631,1311,0.9914708733558656,mbk-14-13-vehicle_1714375501.mp4,0.955504798002963,421631,van,0.7739933441482304,mbk-14-13-vehicle,2011,yellow,mbk-14-13-vehicle_1714375501.mp4,0.8297823071479797,th-10,1661.0,250.5,1714375751,1714375755,0,1
16.11400008201599,146.3826497395834,0,True,2024-04-29 07:33:30.307,216.869897645844,2024-04-29 07:30:01,bike,1682,295.9036745352785,2024-04-29T14-33-30_FLAG_P_FID_1682_OID_39g0_mbk-14-13-vehicle_1714375801_1714376010_1682.jpg,475,mbk-14-13_1714375801.mp4,0.8540254831314087,,,550039,1604,0.4725867211818695,mbk-14-13-vehicle_1714375801.mp4,0.7351229445658538,550039,tuktuk,0.6303795790389588,mbk-14-13-vehicle,2068,white,mbk-14-13-vehicle_1714375801.mp4,1.0,,1836.0,237.5,1714376010,1714376026,1,0
4.11899995803833,395.0296842553112,0,True,2024-04-29 07:35:29.477,203.2208932682684,2024-04-29 07:40:01,toyota,240,399.8536758019533,2024-04-29T14-35-29_FLAG_P_FID_240_OID_42g0_mbk-14-13-vehicle_1714376101_1714376129_240.jpg,456,mbk-14-13_1714376101.mp4,0.9861289858818054,economy,,317134,1318,0.9774969220161438,mbk-14-13-vehicle_1714376101.mp4,0.9982613938581264,317134,pickup,0.4301863585744673,mbk-14-13-vehicle,2136,yellow,mbk-14-13-vehicle_1714376401.mp4,0.9454335570335388,th-10,1727.0,228.0,1714376129,1714376133,0,1
28.23199987411499,1517.8841524418476,0,True,2024-04-29 07:44:26.811,226.9383095281198,2024-04-29 07:40:01,toyota,2135,1770.7181078477504,2024-04-29T14-44-26_FLAG_P_FID_2135_OID_48g0_mbk-14-13-vehicle_1714376401_1714376666_2135.jpg,360,mbk-14-13_1714376401.mp4,0.9995200634002686,premium,,1นก355,742,0.9986943602561952,mbk-14-13-vehicle_1714376401.mp4,0.9998973506983296,1นก355,van,0.6685436188662721,mbk-14-13-vehicle,1424,white,mbk-14-13-vehicle_1714376401.mp4,0.3540956974029541,th-10,1083.0,180.0,1714376666,1714376694,0,0
2.3600001335144043,1122.6006671985715,0,True,2024-04-29 07:45:29.877,214.5023664541389,2024-04-29 07:45:01,discard,238,1154.3331523429267,2024-04-29T14-45-29_FLAG_P_FID_238_OID_53g0_mbk-14-13-vehicle_1714376701_1714376729_238.jpg,459,mbk-14-13_1714376701.mp4,0.997337281703949,,,สก323,974,0.9999165534973145,mbk-14-13-vehicle_1714376701.mp4,0.9867710177987908,ลก323,tuktuk,0.469538090014005,mbk-14-13-vehicle,1295,yellow,mbk-14-13-vehicle_1714376701.mp4,1.0,th-10,1134.5,229.5,1714376729,1714376731,0,1
137.12199997901917,1832.0922153511503,0,True,2024-04-29 07:47:37.202,212.7352262721076,2024-04-29 07:45:01,discard,1257,4051.845926221478,2024-04-29T14-47-37_FLAG_P_FID_1257_OID_57g0_mbk-14-13-vehicle_1714376701_1714376857_1257.jpg,456,mbk-14-13_1714376701.mp4,0.9998810291290284,,,ฮท7763,1320,0.8170601725578308,mbk-14-13-vehicle_1714376701.mp4,0.9999512524782268,ธท7763,bus,0.7227492257371013,mbk-14-13-vehicle,1948,white,mbk-14-13-vehicle_1714376701.mp4,0.5611558556556702,th-10,1634.0,228.0,1714376857,1714376994,3,13
124.64800000190736,2075.687391505535,0,False,2024-04-29 07:50:39.114,200.33660920771453,2024-04-29 07:50:01,,312,9565.32650160568,2024-04-29T14-50-39_FLAG_P_FID_312_OID_60g0_mbk-14-13-vehicle_1714377001_1714377039_312.jpg,461,mbk-14-13_1714377001.mp4,,,,,1231,,mbk-14-13-vehicle_1714377001.mp4,,,,,mbk-14-13-vehicle,2107,,mbk-14-13-vehicle_1714377001.mp4,,,1669.0,230.5,1714377039,1714377163,1,1
18.23300004005432,1483.571393588757,2,False,2024-04-29 07:51:57.214,189.35822928943503,2024-04-29 07:50:01,,937,1970.7411138962289,2024-04-29T14-51-57_FLAG_P_FID_937_OID_68g0_mbk-14-13-vehicle_1714377001_1714377117_937.jpg,398,mbk-14-13_1714377001.mp4,,,,,398,,mbk-14-13-vehicle_1714377001.mp4,,,,,mbk-14-13-vehicle,1815,,mbk-14-13-vehicle_1714377001.mp4,,,1106.5,200.0,1714377117,1714377135,0,0
5.878999948501587,1898.114281640739,0,False,2024-04-29 07:53:23.469,211.8367675103005,2024-04-29 07:50:01,,1627,2160.6871826339657,2024-04-29T14-53-23_FLAG_P_FID_1627_OID_70g0_mbk-14-13-vehicle_1714377001_1714377203_1627.jpg,452,mbk-14-13_1714377001.mp4,,,,,1145,,mbk-14-13-vehicle_1714377001.mp4,,,,,mbk-14-13-vehicle,1958,,mbk-14-13-vehicle_1714377001.mp4,,,1551.5,226.0,1714377203,1714377208,0,0
219.74199986457825,2009.8801579951096,0,True,2024-04-29 07:53:27.468,208.7303530077404,2024-04-29 07:55:01,toyota,1659,6860.76867676755,2024-04-29T14-53-27_FLAG_P_FID_1659_OID_71g0_mbk-14-13-vehicle_1714377001_1714377207_1659.jpg,475,mbk-14-13_1714377001.mp4,0.979339599609375,premium,,320211,1320,0.998102843761444,mbk-14-13-vehicle_1714377001.mp4,0.9999181781279904,320211,van,0.7228731908252991,mbk-14-13-vehicle,2079,yellow,mbk-14-13-vehicle_1714377301.mp4,0.98160719871521,th-10,1699.5,237.5,1714377207,1714377426,1,2
5.11899995803833,2144.550722216688,0,True,2024-04-29 08:03:35.305,210.1213111701651,2024-04-29 08:00:00,toyota,1730,2254.0844105801966,2024-04-29T15-03-35_FLAG_P_FID_1730_OID_7g0_mbk-14-13-vehicle_1714377600_1714377815_1730.jpg,468,mbk-14-13_1714377600.mp4,0.9879123568534852,economy,,344280,1335,0.9562374353408812,mbk-14-13-vehicle_1714377600.mp4,0.9944594381927894,344280,pickup,0.7496778503593718,mbk-14-13-vehicle,2157,yellow,mbk-14-13-vehicle_1714377600.mp4,0.9859867691993712,th-10,1746.0,234.0,1714377815,1714377820,0,0
232.8150000572205,2157.5425696573598,0,False,2024-04-29 08:10:24.879,212.02516197014685,2024-04-29 08:10:01,,198,7431.635543470147,,463,mbk-14-13_1714378201.mp4,,,,,1388,,mbk-14-13-vehicle_1714378201.mp4,,,,,mbk-14-13-vehicle,2187,,mbk-14-13-vehicle_1714378201.mp4,,,1787.5,231.5,1714378224,1714378456,5,6
185.5909998416901,2269.384868461108,0,True,2024-04-29 08:12:06.412,207.94030895144977,2024-04-29 08:15:01,toyota,1011,7868.135309174085,2024-04-29T15-12-06_FLAG_P_FID_1011_OID_15g0_mbk-14-13-vehicle_1714378201_1714378326_1011.jpg,473,mbk-14-13_1714378201.mp4,0.9859392642974854,economy,,345251,1339,0.8944061994552612,mbk-14-13-vehicle_1714378201.mp4,0.9991113820947544,345251,pickup,0.7683703331754456,mbk-14-13-vehicle,2166,yellow,mbk-14-13-vehicle_1714378501.mp4,0.7206301093101501,th-10,1752.5,236.5,1714378326,1714378511,3,12
137.92599987983704,1808.9924027623977,0,True,2024-04-29 08:27:58.955,207.11244642795572,2024-04-29 08:30:01,toyota,1439,4536.39573850546,2024-04-29T15-27-58_FLAG_P_FID_1439_OID_3g0_mbk-14-13-vehicle_1714379100_1714379278_1439.jpg,480,mbk-14-13_1714379100.mp4,0.999955415725708,premium,,344308,1346,0.918479859828949,mbk-14-13-vehicle_1714379100.mp4,0.9981046419889812,344308,van,0.7799859562920824,mbk-14-13-vehicle,2007,yellow,mbk-14-13-vehicle_1714379401.mp4,0.9755143523216248,th-10,1676.5,240.0,1714379278,1714379415,10,6
687.0590000152588,2211.3765998820263,0,True,2024-04-29 08:31:21.623,207.4335137677664,2024-04-29 08:40:01,isuzu,652,14910.06076058688,2024-04-29T15-31-21_FLAG_P_FID_652_OID_13g0_mbk-14-13-vehicle_1714379401_1714379481_652.jpg,466,mbk-14-13_1714379401.mp4,0.6986563205718994,economy,,345275,1187,0.2839670181274414,mbk-14-13-vehicle_1714379401.mp4,0.9996203400047786,345275,pickup,0.7019160416695224,mbk-14-13-vehicle,2140,yellow,mbk-14-13-vehicle_1714380001.mp4,0.4658847451210022,th-10,1663.5,233.0,1714379481,1714380168,18,5
687.6150000095367,1983.2553237987536,0,True,2024-04-29 08:42:56.196,194.8486041202332,2024-04-29 08:40:01,toyota,1409,17402.769918784703,2024-04-29T15-42-56_FLAG_P_FID_1409_OID_22g0_mbk-14-13-vehicle_1714380001_1714380176_1409.jpg,456,mbk-14-13_1714380001.mp4,0.7821592688560486,,,327705,993,0.3664306104183197,mbk-14-13-vehicle_1714380001.mp4,0.9851430199214286,327705,bus,0.7025385132298144,mbk-14-13-vehicle,2196,yellow,mbk-14-13-vehicle_1714380001.mp4,0.9982386827468872,th-10,1594.5,228.0,1714380176,1714380863,4,10
7.476999998092651,1920.5874920777096,0,True,2024-04-29 08:49:43.566,211.79059910484295,2024-04-29 08:45:01,nissan,2270,2135.136931981833,2024-04-29T15-49-43_FLAG_P_FID_2270_OID_59g0_mbk-14-13-vehicle_1714380301_1714380583_2270.jpg,468,mbk-14-13_1714380301.mp4,0.9867560863494872,economy,,344992,1189,0.99202299118042,mbk-14-13-vehicle_1714380301.mp4,0.9978198749368264,344992,sedan,0.7501904165463231,mbk-14-13-vehicle,2011,yellow,mbk-14-13-vehicle_1714380301.mp4,0.3472205400466919,th-10,1600.0,234.0,1714380583,1714380590,0,0
374.3840000629425,1823.0538217667272,0,True,2024-04-29 08:49:49.964,206.68026804463867,2024-04-29 08:55:01,discard,2321,4380.897145469766,2024-04-29T15-49-49_FLAG_P_FID_2321_OID_60g0_mbk-14-13-vehicle_1714380301_1714380589_2321.jpg,573,mbk-14-13_1714380301.mp4,0.9996340274810792,,,สก2763,1440,0.999734342098236,mbk-14-13-vehicle_1714380301.mp4,0.9326731046221596,ลก2763,tuktuk,0.5749866563254008,mbk-14-13-vehicle,1946,yellow,mbk-14-13-vehicle_1714380901.mp4,1.0,th-10,1693.0,286.5,1714380589,1714380963,1,2
122.48599982261658,1906.5814998177564,0,True,2024-04-29 08:56:10.626,203.41577647535863,2024-04-29 08:55:01,nissan,564,6538.0991427820045,2024-04-29T15-56-10_FLAG_P_FID_564_OID_63g0_mbk-14-13-vehicle_1714380901_1714380970_564.jpg,461,mbk-14-13_1714380901.mp4,0.9293006062507628,premium,,302422,1107,0.3598792552947998,mbk-14-13-vehicle_1714380901.mp4,0.9996687714024384,302422,van,0.7119325554913202,mbk-14-13-vehicle,2093,yellow,mbk-14-13-vehicle_1714380901.mp4,0.5296211242675781,th-21,1600.0,230.5,1714380970,1714381092,3,2
93.33399987220764,1546.741779632209,0,True,2024-04-29 09:05:51.511,205.61441265036856,2024-04-29 09:10:01,toyota,411,5665.378307889519,2024-04-29T16-05-51_FLAG_P_FID_411_OID_8g0_mbk-14-13-vehicle_1714381501_1714381551_411.jpg,484,mbk-14-13_1714381501.mp4,0.9985087513923644,economy,,320434,1335,0.9578524231910706,mbk-14-13-vehicle_1714381501.mp4,0.9999541762678632,320434,pickup,0.8501335418220689,mbk-14-13-vehicle,2075,yellow,mbk-14-13-vehicle_1714381801.mp4,0.6288252472877502,th-10,1705.0,242.0,1714381551,1714381644,3,2
24.753000020980835,1996.5442935317624,0,True,2024-04-29 09:11:02.509,202.15712427474116,2024-04-29 09:10:01,bike,499,2360.7124552581563,2024-04-29T16-11-02_FLAG_P_FID_499_OID_14g0_mbk-14-13-vehicle_1714381801_1714381862_499.jpg,477,mbk-14-13_1714381801.mp4,0.7906683683395386,,,สก4165,1290,0.8220994472503662,mbk-14-13-vehicle_1714381801.mp4,0.9981413107361908,ลก4165,tuktuk,0.6611516066356203,mbk-14-13-vehicle,1892,yellow,mbk-14-13-vehicle_1714381801.mp4,1.0,,1591.0,238.5,1714381862,1714381886,1,2
10.237000226974487,1614.956232277052,0,True,2024-04-29 09:12:56.597,204.18606877879145,2024-04-29 09:10:01,discard,1412,2658.993618965916,2024-04-29T16-12-56_FLAG_P_FID_1412_OID_27g0_mbk-14-13-vehicle_1714381801_1714381976_1412.jpg,468,mbk-14-13_1714381801.mp4,0.9324725866317748,,,สก1157,1367,0.9994980096817015,mbk-14-13-vehicle_1714381801.mp4,0.9999962677959854,ลก1157,tuktuk,0.7361260993978264,mbk-14-13-vehicle,1892,yellow,mbk-14-13-vehicle_1714381801.mp4,1.0,th-10,1629.5,234.0,1714381976,1714381986,0,0
7.997999906539917,1907.8488266128395,0,True,2024-04-29 09:15:57.630,216.0609870431304,2024-04-29 09:15:01,toyota,460,2086.041872025409,2024-04-29T16-15-57_FLAG_P_FID_460_OID_34g0_mbk-14-13-vehicle_1714382101_1714382157_460.jpg,473,mbk-14-13_1714382101.mp4,0.9979250431060792,economy,,341406,1185,0.9818429350852966,mbk-14-13-vehicle_1714382101.mp4,0.9889780221987536,341406,pickup,0.6809426417040555,mbk-14-13-vehicle,1897,yellow,mbk-14-13-vehicle_1714382101.mp4,0.7016925811767578,th-10,1541.0,236.5,1714382157,1714382164,0,0
561.6499998569489,1838.8636702873227,0,True,2024-04-29 09:16:28.223,207.1688294082832,2024-04-29 09:25:01,toyota,705,4490.623013006385,2024-04-29T16-16-28_FLAG_P_FID_705_OID_36g0_mbk-14-13-vehicle_1714382101_1714382188_705.jpg,454,mbk-14-13_1714382101.mp4,0.9999624490737916,premium,,3กส2212,1414,0.9392457008361816,mbk-14-13-vehicle_1714382101.mp4,0.9999449728454332,3กล2212,van,0.6656447803956344,mbk-14-13-vehicle,1972,white,mbk-14-13-vehicle_1714382701.mp4,0.8478376269340515,th-10,1693.0,227.0,1714382188,1714382749,5,18
432.8050000667572,2038.0347820392492,0,True,2024-04-29 09:25:44.513,200.97605517987515,2024-04-29 09:25:01,toyota,355,9080.511065900037,2024-04-29T16-25-44_FLAG_P_FID_355_OID_45g0_mbk-14-13-vehicle_1714382701_1714382744_355.jpg,452,mbk-14-13_1714382701.mp4,0.9995580315589904,economy,,ฮภ3643,1117,0.9699071645736694,mbk-14-13-vehicle_1714382701.mp4,0.996905703096608,ธก3643,pickup,0.7010443243171948,mbk-14-13-vehicle,2018,white,mbk-14-13-vehicle_1714382701.mp4,0.6851998567581177,th-10,1567.5,226.0,1714382744,1714383176,1,1
3.998000144958496,1357.0492422662794,0,True,2024-04-29 09:26:25.541,218.41271208460125,2024-04-29 09:25:01,discard,683,1431.6380057609438,2024-04-29T16-26-25_FLAG_P_FID_683_OID_52g0_mbk-14-13-vehicle_1714382701_1714382785_683.jpg,892,mbk-14-13_1714382701.mp4,0.4869917333126068,,,สศ1130,777,0.9988399147987366,mbk-14-13-vehicle_1714382701.mp4,0.8316563698683662,ลค1130,tuktuk,0.4437568417815655,mbk-14-13-vehicle,1482,yellow,mbk-14-13-vehicle_1714382701.mp4,1.0,th-10,1129.5,446.0,1714382785,1714382788,0,2
226.5,1944.3894020789253,0,True,2024-04-29 09:45:44.513,208.29374424907056,2024-04-29 09:45:02,toyota,347,6730.483691927992,2024-04-29T16-45-44_FLAG_P_FID_347_OID_92g0_mbk-14-13-vehicle_1714383902_1714383944_347.jpg,449,mbk-14-13_1714383902.mp4,0.9971209168434144,economy,,1นจ6479,1098,0.9986482262611388,mbk-14-13-vehicle_1714383902.mp4,0.9999977818535488,1นจ6479,pickup,0.7212007381145693,mbk-14-13-vehicle,2009,white,mbk-14-13-vehicle_1714383902.mp4,0.9698547124862672,th-10,1553.5,224.5,1714383944,1714384170,1,2
0.7599999904632568,82.80653142313162,0,True,2024-04-29 10:04:37.449,208.73979529168807,2024-04-29 10:00:01,bike,2219,83.29851508279694,2024-04-29T17-04-37_FLAG_P_FID_2219_OID_9g0_mbk-14-13-vehicle_1714384801_1714385077_2219.jpg,496,mbk-14-13_1714384801.mp4,0.930380880832672,,,สก2357,1541,0.7362229228019714,mbk-14-13-vehicle_1714384801.mp4,0.9999753875331526,ลก2357,tuktuk,0.5993292736374533,mbk-14-13-vehicle,2051,yellow,mbk-14-13-vehicle_1714384801.mp4,1.0,th-10,1796.0,248.0,1714385077,1714385077,1,0
82.73699998855591,1702.5312842088472,0,True,2024-04-29 10:06:04.107,203.42628208044653,2024-04-29 10:10:01,discard,512,10929.53037491391,2024-04-29T17-06-04_FLAG_P_FID_512_OID_11g0_mbk-14-13-vehicle_1714385101_1714385164_512.jpg,489,mbk-14-13_1714385101.mp4,0.5292084217071533,,,สช851,1477,0.9488897919654846,mbk-14-13-vehicle_1714385101.mp4,0.9464617236183092,ลข851,tuktuk,0.8041103157155636,mbk-14-13-vehicle,2009,yellow,mbk-14-13-vehicle_1714385401.mp4,1.0,,1743.0,244.5,1714385164,1714385246,2,3
8.83899998664856,413.17057168563457,0,True,2024-04-29 10:11:58.851,212.9694039034621,2024-04-29 10:10:01,discard,950,479.3570344702888,2024-04-29T17-11-58_FLAG_P_FID_950_OID_16g0_mbk-14-13-vehicle_1714385401_1714385518_950.jpg,501,mbk-14-13_1714385401.mp4,0.4888565838336944,,,สก2879,1508,0.7894530892372131,mbk-14-13-vehicle_1714385401.mp4,0.9991870321862616,ลก2879,tuktuk,0.7657231913777403,mbk-14-13-vehicle,2072,yellow,mbk-14-13-vehicle_1714385401.mp4,1.0,th-10,1790.0,250.5,1714385518,1714385526,1,1
179.0350000858307,2119.281068561382,0,True,2024-04-29 10:12:47.957,213.7339723292737,2024-04-29 10:15:01,toyota,1343,12379.836986380891,2024-04-29T17-12-47_FLAG_P_FID_1343_OID_19g0_mbk-14-13-vehicle_1714385401_1714385567_1343.jpg,475,mbk-14-13_1714385401.mp4,0.9953629970550536,,,341520,1339,0.7482832670211792,mbk-14-13-vehicle_1714385401.mp4,0.9997158076628894,341520,bus,0.8047838315453608,mbk-14-13-vehicle,2047,yellow,mbk-14-13-vehicle_1714385701.mp4,0.4229153990745544,th-10,1693.0,237.5,1714385567,1714385746,1,7
4.878000020980835,233.0176382779413,0,True,2024-04-29 10:16:53.334,228.0555934577529,2024-04-29 10:15:01,bike,906,363.6710741715507,2024-04-29T17-16-53_FLAG_P_FID_906_OID_30g0_mbk-14-13-vehicle_1714385701_1714385813_906.jpg,459,mbk-14-13_1714385701.mp4,0.9463130235671996,,,สก570,1421,0.5979200005531311,mbk-14-13-vehicle_1714385701.mp4,0.9970239857379712,ลก570,tuktuk,0.4879080003994958,mbk-14-13-vehicle,1918,white,mbk-14-13-vehicle_1714385701.mp4,1.0,,1669.5,229.5,1714385813,1714385817,2,0
8.478000164031982,139.02129100373787,0,True,2024-04-29 10:17:02.212,235.64061970241065,2024-04-29 10:15:01,discard,977,529.6883199819363,2024-04-29T17-17-02_FLAG_P_FID_977_OID_32g0_mbk-14-13-vehicle_1714385701_1714385822_977.jpg,475,mbk-14-13_1714385701.mp4,0.9413881301879884,,,สก576,1400,0.9569306373596193,mbk-14-13-vehicle_1714385701.mp4,0.904996417928814,ลก576,tuktuk,0.6437708788119425,mbk-14-13-vehicle,1915,white,mbk-14-13-vehicle_1714385701.mp4,0.9999998807907104,,1657.5,237.5,1714385822,1714385830,2,2
32.98900008201599,1556.4636894959472,0,True,2024-04-29 10:17:09.210,198.42131670813924,2024-04-29 10:15:01,discard,1033,3058.6372511259547,2024-04-29T17-17-09_FLAG_P_FID_1033_OID_33g0_mbk-14-13-vehicle_1714385701_1714385829_1033.jpg,580,mbk-14-13_1714385701.mp4,0.7103237509727478,,,สก570,1309,0.8361976146697998,mbk-14-13-vehicle_1714385701.mp4,0.99951260114724,ลก570,tuktuk,0.5287526977246376,mbk-14-13-vehicle,1871,white,mbk-14-13-vehicle_1714385701.mp4,1.0,th-10,1590.0,290.0,1714385829,1714385861,3,1
328.62999987602234,2106.9861165481807,0,False,2024-04-29 10:17:53.318,214.767659400238,2024-04-29 10:20:01,toyota,1386,5027.674665187048,2024-04-29T17-17-53_FLAG_P_FID_1386_OID_37g0_mbk-14-13-vehicle_1714385701_1714385873_1386.jpg,477,mbk-14-13_1714385701.mp4,,,,,1023,0.7126078009605408,mbk-14-13-vehicle_1714385701.mp4,,,other,,mbk-14-13-vehicle,2051,,mbk-14-13-vehicle_1714386001.mp4,0.743188202381134,,1537.0,238.5,1714385873,1714386201,3,4
8.398000001907349,784.618867901148,0,False,2024-04-29 10:21:48.733,179.7434534480157,2024-04-29 10:20:01,discard,869,800.3782575592221,2024-04-29T17-21-48_FLAG_P_FID_869_OID_42g0_mbk-14-13-vehicle_1714386001_1714386108_869.jpg,353,mbk-14-13_1714386001.mp4,,,,,845,0.9988232254981996,mbk-14-13-vehicle_1714386001.mp4,,,bus,,mbk-14-13-vehicle,1295,,mbk-14-13-vehicle_1714386001.mp4,0.5269381403923035,,1070.0,176.5,1714386108,1714386116,0,0
5.878000020980835,263.3429971475477,0,True,2024-04-29 10:23:08.951,240.1287079219281,2024-04-29 10:20:01,discard,1511,389.4614147598133,2024-04-29T17-23-08_FLAG_P_FID_1511_OID_43g0_mbk-14-13-vehicle_1714386001_1714386188_1511.jpg,538,mbk-14-13_1714386001.mp4,0.9544934034347534,,,สก2879,1475,0.9999616146087646,mbk-14-13-vehicle_1714386001.mp4,0.9988133815437972,ลก2879,tuktuk,0.6751494127431311,mbk-14-13-vehicle,2004,yellow,mbk-14-13-vehicle_1714386001.mp4,1.0,th-10,1739.5,269.0,1714386188,1714386193,0,0
24.87299990653992,1939.2805259789047,0,True,2024-04-29 10:47:14.448,216.9736942343115,2024-04-29 10:45:01,nissan,1074,2142.0772811610027,2024-04-29T17-47-14_FLAG_P_FID_1074_OID_108g0_mbk-14-13-vehicle_1714387501_1714387634_1074.jpg,456,mbk-14-13_1714387501.mp4,0.9980865716934204,economy,,1นค8151,1185,0.8929591178894043,mbk-14-13-vehicle_1714387501.mp4,0.999995610385651,1นค8151,sedan,0.6792251542442427,mbk-14-13-vehicle,1871,white,mbk-14-13-vehicle_1714387501.mp4,0.5177502632141113,th-10,1528.0,228.0,1714387634,1714387658,0,2
184.07100009918213,1682.9489928290905,0,True,2024-04-29 10:50:16.241,201.5126749618055,2024-04-29 10:50:01,toyota,129,6087.68593103912,2024-04-29T17-50-16_FLAG_P_FID_129_OID_110g0_mbk-14-13-vehicle_1714387801_1714387816_129.jpg,449,mbk-14-13_1714387801.mp4,0.9998733997344972,economy,,7กม6762,1068,0.9621418714523317,mbk-14-13-vehicle_1714387801.mp4,0.9998737452950148,7กม6762,pickup,0.682071917856135,mbk-14-13-vehicle,1833,white,mbk-14-13-vehicle_1714387801.mp4,0.751618504524231,th-10,1450.5,224.5,1714387816,1714388000,3,1
30.111999988555908,2153.48251947613,0,True,2024-04-29 10:51:57.852,210.34390471999967,2024-04-29 10:50:01,discard,942,2299.82662637653,2024-04-29T17-51-57_FLAG_P_FID_942_OID_126g0_mbk-14-13-vehicle_1714387801_1714387917_942.jpg,463,mbk-14-13_1714387801.mp4,0.973893702030182,,,สก5815,1559,0.999963641166687,mbk-14-13-vehicle_1714387801.mp4,0.9999917698002606,ลก5815,tuktuk,0.7122114824698108,mbk-14-13-vehicle,2075,yellow,mbk-14-13-vehicle_1714387801.mp4,1.0,th-10,1817.0,231.5,1714387917,1714387947,0,0
7.878000020980835,1732.2089281908725,0,True,2024-04-29 10:54:27.931,215.97896004349067,2024-04-29 10:50:01,discard,2143,1834.0596882868724,2024-04-29T17-54-27_FLAG_P_FID_2143_OID_132g0_mbk-14-13-vehicle_1714387801_1714388067_2143.jpg,487,mbk-14-13_1714387801.mp4,0.5623390078544617,,,สก1568,1215,0.999893069267273,mbk-14-13-vehicle_1714387801.mp4,0.9999845245712652,ลก1568,tuktuk,0.7700688248514171,mbk-14-13-vehicle,1684,yellow,mbk-14-13-vehicle_1714387801.mp4,1.0,,1449.5,243.5,1714388067,1714388074,0,0
3.119999885559082,1824.1006471768344,0,True,2024-04-29 10:54:40.807,203.8168315476027,2024-04-29 10:50:01,bike,2246,1891.8211204666943,2024-04-29T17-54-40_FLAG_P_FID_2246_OID_133g0_mbk-14-13-vehicle_1714387801_1714388080_2246.jpg,508,mbk-14-13_1714387801.mp4,0.5594728589057922,,,ส2595,960,0.8301848769187927,mbk-14-13-vehicle_1714387801.mp4,0.5975139594367889,ล2595,tuktuk,0.3313098642804752,mbk-14-13-vehicle,1676,yellow,mbk-14-13-vehicle_1714387801.mp4,1.0,,1318.0,254.0,1714388080,1714388083,1,0
73.54300022125244,1556.9711145254591,0,True,2024-04-29 10:54:54.563,202.6496995910057,2024-04-29 10:55:02,bike,2356,4096.484463392744,2024-04-29T17-54-54_FLAG_P_FID_2356_OID_135g0_mbk-14-13-vehicle_1714387801_1714388094_2356.jpg,461,mbk-14-13_1714387801.mp4,0.5948534607887268,,,สก547,1051,0.8968296051025391,mbk-14-13-vehicle_1714387801.mp4,0.9928007274128948,ลก547,tuktuk,0.5163522087646729,mbk-14-13-vehicle,1688,white,mbk-14-13-vehicle_1714388102.mp4,0.9999996423721312,th-10,1369.5,230.5,1714388094,1714388167,3,2
16.355000019073486,1820.2017080520009,0,True,2024-04-29 11:10:42.393,203.6293777306568,2024-04-29 11:10:01,discard,338,2139.552398666598,2024-04-29T18-10-42_FLAG_P_FID_338_OID_15g0_mbk-14-13-vehicle_1714389001_1714389042_338.jpg,545,mbk-14-13_1714389001.mp4,0.9580886960029602,,,สช598,1454,0.9993513226509094,mbk-14-13-vehicle_1714389001.mp4,0.9316970049504192,ลข598,tuktuk,0.5994600714947321,mbk-14-13-vehicle,1995,yellow,mbk-14-13-vehicle_1714389001.mp4,1.0,th-10,1724.5,272.5,1714389042,1714389058,0,1
221.2630000114441,1738.96279028994,0,True,2024-04-29 11:11:53.853,203.2847190411975,2024-04-29 11:15:01,discard,910,3559.050358311391,2024-04-29T18-11-53_FLAG_P_FID_910_OID_20g0_mbk-14-13-vehicle_1714389001_1714389113_910.jpg,484,mbk-14-13_1714389001.mp4,0.6972411870956421,,,สก2879,1515,0.9745987057685852,mbk-14-13-vehicle_1714389001.mp4,0.9998974906025836,ลก2879,tuktuk,0.7618906600859029,mbk-14-13-vehicle,2042,yellow,mbk-14-13-vehicle_1714389301.mp4,1.0,,1778.5,242.0,1714389113,1714389334,3,4
45.15100002288818,1686.657453804038,0,True,2024-04-29 11:34:33.489,213.7893668711233,2024-04-29 11:35:01,discard,2188,2528.75295408228,2024-04-29T18-34-33_FLAG_P_FID_2188_OID_38g0_mbk-14-13-vehicle_1714390201_1714390473_2188.jpg,473,mbk-14-13_1714390201.mp4,0.920422375202179,,,สก547,1545,0.9961212277412416,mbk-14-13-vehicle_1714390201.mp4,0.9999980055273558,ลก547,tuktuk,0.2422950013975137,mbk-14-13-vehicle,1866,white,mbk-14-13-vehicle_1714390501.mp4,1.0,,1705.5,236.5,1714390473,1714390518,1,1
49.46600008010864,1238.2968558308492,0,True,2024-04-29 11:35:30.239,210.08092307140524,2024-04-29 11:40:01,toyota,241,2234.6384655890006,2024-04-29T18-35-30_FLAG_P_FID_241_OID_40g0_mbk-14-13-vehicle_1714390501_1714390530_241.jpg,466,mbk-14-13_1714390501.mp4,0.9350075125694276,economy,,330183,988,0.9942588806152344,mbk-14-13-vehicle_1714390501.mp4,0.8497592199489898,330183,pickup,0.6197459844849744,mbk-14-13-vehicle,2178,yellow,mbk-14-13-vehicle_1714390801.mp4,0.7517122030258179,th-10,1583.0,233.0,1714390530,1714390579,0,0
2.361000061035156,1618.56163625411,0,True,2024-04-29 11:40:21.000,209.99683096042924,2024-04-29 11:40:01,bike,167,1812.523827985951,2024-04-29T18-40-21_FLAG_P_FID_167_OID_42g0_mbk-14-13-vehicle_1714390801_1714390821_167.jpg,475,mbk-14-13_1714390801.mp4,0.4882234334945678,,,สก350,1152,0.6625446081161499,mbk-14-13-vehicle_1714390801.mp4,0.6932861168039981,ลก350,tuktuk,0.2825039383815452,mbk-14-13-vehicle,1730,yellow,mbk-14-13-vehicle_1714390801.mp4,1.0,,1441.0,237.5,1714390821,1714390823,0,1
21.233999967575077,1512.4934281192395,0,True,2024-04-29 11:41:38.218,217.7660416510275,2024-04-29 11:40:01,discard,785,2989.926654732016,2024-04-29T18-41-38_FLAG_P_FID_785_OID_44g0_mbk-14-13-vehicle_1714390801_1714390898_785.jpg,480,mbk-14-13_1714390801.mp4,0.9977880716323853,,,อก5,915,0.945595681667328,mbk-14-13-vehicle_1714390801.mp4,0.999930289090746,อก5,sedan,0.4132683838882098,mbk-14-13-vehicle,1564,white,mbk-14-13-vehicle_1714390801.mp4,0.5810295343399048,th-10,1239.5,240.0,1714390898,1714390919,0,3
84.6159999370575,1680.0402459595412,0,True,2024-04-29 11:43:13.472,212.7928171857573,2024-04-29 11:40:01,discard,1547,4171.960176897868,2024-04-29T18-43-13_FLAG_P_FID_1547_OID_46g0_mbk-14-13-vehicle_1714390801_1714390993_1547.jpg,459,mbk-14-13_1714390801.mp4,0.821696400642395,,,สก1157,1290,0.9125519394874572,mbk-14-13-vehicle_1714390801.mp4,0.9999135272431768,ลก1157,tuktuk,0.2706155773161143,mbk-14-13-vehicle,1847,white,mbk-14-13-vehicle_1714390801.mp4,0.9997263550758362,th-10,1568.5,229.5,1714390993,1714391077,1,0
3.11899995803833,1500.8253791398142,32,False,2024-04-29 11:52:16.967,187.71281537698616,2024-04-29 11:50:01,discard,1095,1511.1238663942272,2024-04-29T18-52-16_FLAG_P_FID_1095_OID_70g0_mbk-14-13-vehicle_1714391401_1714391536_1095.jpg,419,mbk-14-13_1714391401.mp4,,,,,690,0.998817265033722,mbk-14-13-vehicle_1714391401.mp4,,,other,,mbk-14-13-vehicle,1503,,mbk-14-13-vehicle_1714391401.mp4,0.6070854067802429,,1096.5,225.5,1714391536,1714391539,0,0
451.03799986839294,1200.86030727824,0,True,2024-04-29 11:52:30.723,212.17121712854455,2024-04-29 11:55:01,toyota,1205,3171.6805804859787,2024-04-29T18-52-30_FLAG_P_FID_1205_OID_71g0_mbk-14-13-vehicle_1714391401_1714391550_1205.jpg,452,mbk-14-13_1714391401.mp4,0.9361380934715272,,,330050,1063,0.8606622219085693,mbk-14-13-vehicle_1714391401.mp4,0.9657535553175678,330050,bus,0.6552495152164558,mbk-14-13-vehicle,2103,yellow,mbk-14-13-vehicle_1714391701.mp4,0.7897160649299622,th-10,1583.0,226.0,1714391550,1714392001,0,2
21.59400010108948,1940.8642743943892,0,True,2024-04-29 12:27:51.958,203.0533313616737,2024-04-29 12:25:01,toyota,1375,3676.5041522318265,2024-04-29T19-27-51_FLAG_P_FID_1375_OID_26g0_mbk-14-13-vehicle_1714393501_1714393671_1375.jpg,456,mbk-14-13_1714393501.mp4,0.9957184195518494,economy,,1นข6827,1255,0.9860267639160156,mbk-14-13-vehicle_1714393501.mp4,0.9787703614446038,1นข6827,pickup,0.5557862776780006,mbk-14-13-vehicle,2068,white,mbk-14-13-vehicle_1714393501.mp4,0.9998130202293396,th-10,1661.5,228.0,1714393671,1714393692,0,3
196.18300008773804,2137.1096835264702,0,True,2024-04-29 12:30:10.242,210.71068970324643,2024-04-29 12:30:02,toyota,73,6272.275730119516,2024-04-29T19-30-10_FLAG_P_FID_73_OID_37g0_mbk-14-13-vehicle_1714393802_1714393810_73.jpg,503,mbk-14-13_1714393802.mp4,0.9050679802894592,economy,,208749,1231,0.9117814302444458,mbk-14-13-vehicle_1714393802.mp4,0.5505045327751664,208749,pickup,0.4884287405022995,mbk-14-13-vehicle,2110,yellow,mbk-14-13-vehicle_1714393802.mp4,0.9988732933998108,,1670.5,251.5,1714393810,1714394006,3,2
394.0980000495911,2077.172420042149,0,True,2024-04-29 12:49:33.609,208.48671644254105,2024-04-29 12:55:01,toyota,2189,6253.9647225207655,2024-04-29T19-49-33_FLAG_P_FID_2189_OID_68g0_mbk-14-13-vehicle_1714394701_1714394973_2189.jpg,461,mbk-14-13_1714394701.mp4,0.7397608160972595,economy,,333591,1377,0.9861375689506532,mbk-14-13-vehicle_1714394701.mp4,0.993837501004872,333591,pickup,0.2139399629372778,mbk-14-13-vehicle,2110,white,mbk-14-13-vehicle_1714395301.mp4,0.9991360306739808,,1743.5,230.5,1714394973,1714395367,2,14
28.35199999809265,1892.240675222693,0,True,2024-04-29 13:04:08.017,208.9443935506792,2024-04-29 13:00:01,discard,1983,2565.5902777661445,2024-04-29T20-04-08_FLAG_P_FID_1983_OID_14g0_mbk-14-13-vehicle_1714395601_1714395848_1983.jpg,740,mbk-14-13_1714395601.mp4,0.9839986562728882,,,สก4747,1180,0.9923197627067566,mbk-14-13-vehicle_1714395601.mp4,0.9999649251646564,ลก4747,tuktuk,0.2860146931018786,mbk-14-13-vehicle,1876,white,mbk-14-13-vehicle_1714395601.mp4,1.0,th-10,1528.0,370.0,1714395848,1714395876,0,2
149.3180000782013,1437.61773549868,0,True,2024-04-29 13:05:07.003,206.87813975209863,2024-04-29 13:10:01,other,55,3911.493422456002,2024-04-29T20-05-07_FLAG_P_FID_55_OID_15g0_mbk-14-13-vehicle_1714395901_1714395907_55.jpg,468,mbk-14-13_1714395901.mp4,0.959784746170044,,,521135,1023,0.4372063279151916,mbk-14-13-vehicle_1714395901.mp4,0.6330162734417819,521135,bus,0.2707084829448147,mbk-14-13-vehicle,2093,red,mbk-14-13-vehicle_1714396201.mp4,0.8815768957138062,,1558.0,234.0,1714395907,1714396056,2,2
2.240000009536743,148.14734154068836,0,True,2024-04-29 13:12:58.196,219.22567409733676,2024-04-29 13:10:01,bike,1425,169.97422145213912,2024-04-29T20-12-58_FLAG_P_FID_1425_OID_29g0_mbk-14-13-vehicle_1714396201_1714396378_1425.jpg,337,mbk-14-13_1714396201.mp4,0.6301146745681763,,,สข1856,864,0.9607024788856506,mbk-14-13-vehicle_1714396201.mp4,0.9833440963049632,ลข1856,other,0.0054385858160756,mbk-14-13-vehicle,1178,white,mbk-14-13-vehicle_1714396201.mp4,0.9454194903373718,th-10,1021.0,168.5,1714396378,1714396380,0,0
290.5220000743866,1232.976183959595,0,False,2024-04-29 13:16:37.100,205.66455445311792,2024-04-29 13:20:01,discard,776,9536.781865261142,2024-04-29T20-16-37_FLAG_P_FID_776_OID_45g0_mbk-14-13-vehicle_1714396501_1714396597_776.jpg,351,mbk-14-13_1714396501.mp4,,,,,590,0.99607652425766,mbk-14-13-vehicle_1714396501.mp4,,,pickup,,mbk-14-13-vehicle,1555,,mbk-14-13-vehicle_1714396801.mp4,0.9822072982788086,,1072.5,175.5,1714396597,1714396887,1,18
117.6100001335144,1468.5989893630986,0,True,2024-04-29 13:29:15.934,204.2964902211185,2024-04-29 13:30:01,discard,2048,3081.677961890592,2024-04-29T20-29-15_FLAG_P_FID_2048_OID_66g0_mbk-14-13-vehicle_1714397101_1714397355_2048.jpg,356,mbk-14-13_1714397101.mp4,0.5322200655937195,,,สช3494,660,0.9996798038482666,mbk-14-13-vehicle_1714397101.mp4,0.5419246802351275,ลข3494,taxi,0.2239519422445852,mbk-14-13-vehicle,1470,red,mbk-14-13-vehicle_1714397401.mp4,0.9689427018165588,th-10,1065.0,178.0,1714397355,1714397472,0,1
27.111999988555908,1337.3421462328297,0,True,2024-04-29 13:30:42.113,205.35333522961568,2024-04-29 13:30:01,ford,336,1675.267782659626,2024-04-29T20-30-42_FLAG_P_FID_336_OID_67g0_mbk-14-13-vehicle_1714397401_1714397442_336.jpg,363,mbk-14-13_1714397401.mp4,0.914673626422882,economy,,5กน1202,646,0.9728488326072692,mbk-14-13-vehicle_1714397401.mp4,0.4182773572895323,5กน1202,pickup,0.3941973129787477,mbk-14-13-vehicle,1438,white,mbk-14-13-vehicle_1714397401.mp4,0.943544864654541,,1042.0,181.5,1714397442,1714397469,0,0
50.71000003814697,1452.747082436464,0,False,2024-04-29 13:34:58.162,200.23170235237205,2024-04-29 13:35:01,discard,2390,5727.783936109038,2024-04-29T20-34-58_FLAG_P_FID_2390_OID_75g0_mbk-14-13-vehicle_1714397401_1714397698_2390.jpg,405,mbk-14-13_1714397401.mp4,,,,,599,0.9846987128257751,mbk-14-13-vehicle_1714397401.mp4,,,taxi,,mbk-14-13-vehicle,1552,,mbk-14-13-vehicle_1714397701.mp4,0.3854775130748749,,1075.5,202.5,1714397698,1714397748,0,1
3.638999938964844,1282.5793494216337,0,True,2024-04-29 13:35:17.521,203.2878897020624,2024-04-29 13:35:01,toyota,139,1381.636002159761,2024-04-29T20-35-17_FLAG_P_FID_139_OID_79g0_mbk-14-13-vehicle_1714397701_1714397717_139.jpg,339,mbk-14-13_1714397701.mp4,0.9991268515586852,economy,,กบ4275,599,0.7200586795806885,mbk-14-13-vehicle_1714397701.mp4,0.3649854899411796,กบ4275,pickup,0.1771987144188443,mbk-14-13-vehicle,1424,white,mbk-14-13-vehicle_1714397701.mp4,0.8139756321907043,,1011.5,169.5,1714397717,1714397720,0,0
2.359999895095825,1244.4584747405313,0,False,2024-04-29 13:42:02.851,207.336664855814,2024-04-29 13:40:02,discard,974,1279.0561455371655,2024-04-29T20-42-02_FLAG_P_FID_974_OID_89g0_mbk-14-13-vehicle_1714398002_1714398122_974.jpg,367,mbk-14-13_1714398002.mp4,,,,,566,0.9980085492134094,mbk-14-13-vehicle_1714398002.mp4,,,pickup,,mbk-14-13-vehicle,1377,,mbk-14-13-vehicle_1714398002.mp4,0.8033592104911804,,971.5,183.5,1714398122,1714398124,0,0
1.1600000858306885,645.5182081577176,0,False,2024-04-29 13:43:58.979,197.74467162505687,2024-04-29 13:40:02,discard,1903,698.2376971729601,2024-04-29T20-43-58_FLAG_P_FID_1903_OID_93g0_mbk-14-13-vehicle_1714398002_1714398238_1903.jpg,346,mbk-14-13_1714398002.mp4,,,,,555,0.99984872341156,mbk-14-13-vehicle_1714398002.mp4,,,sedan,,mbk-14-13-vehicle,1346,,mbk-14-13-vehicle_1714398002.mp4,0.9239307045936584,,950.5,173.0,1714398238,1714398239,0,0
17.47499990463257,1395.1487602171646,0,True,2024-04-29 13:45:51.471,203.444873070552,2024-04-29 13:45:01,toyota,410,1718.9628668507746,2024-04-29T20-45-51_FLAG_P_FID_410_OID_97g0_mbk-14-13-vehicle_1714398301_1714398351_410.jpg,412,mbk-14-13_1714398301.mp4,0.793299674987793,economy,,303381,672,0.999788224697113,mbk-14-13-vehicle_1714398301.mp4,0.502927662714337,303381,taxi,0.3792064910508792,mbk-14-13-vehicle,1475,yellow,mbk-14-13-vehicle_1714398301.mp4,0.9305798411369324,,1073.5,206.0,1714398351,1714398368,0,2
0.880000114440918,619.5887699975746,0,True,2024-04-29 13:47:41.680,199.08562007918965,2024-04-29 13:45:01,discard,1292,623.1866056736455,2024-04-29T20-47-41_FLAG_P_FID_1292_OID_105g0_mbk-14-13-vehicle_1714398301_1714398461_1292.jpg,302,mbk-14-13_1714398301.mp4,0.980093777179718,,,1ก7472,625,0.9997197985649108,mbk-14-13-vehicle_1714398301.mp4,0.4062570513198889,1ก7472,taxi,0.1902057699974703,mbk-14-13-vehicle,1393,yellow,mbk-14-13-vehicle_1714398301.mp4,0.628390908241272,,1009.0,151.0,1714398461,1714398461,0,0
4.479000091552734,1324.875520167108,0,False,2024-04-29 13:48:39.304,203.43798652796852,2024-04-29 13:45:01,discard,1753,1352.7911824456355,2024-04-29T20-48-39_FLAG_P_FID_1753_OID_112g0_mbk-14-13-vehicle_1714398301_1714398519_1753.jpg,348,mbk-14-13_1714398301.mp4,0.6888599395751953,,,13275,630,0.9965258240699768,mbk-14-13-vehicle_1714398301.mp4,0.5779025556726474,13275,taxi,0.2326705289941957,mbk-14-13-vehicle,1417,yellow,mbk-14-13-vehicle_1714398301.mp4,0.6700720191001892,,1023.5,174.0,1714398519,1714398523,0,0
6.51800012588501,1313.7620914097688,0,False,2024-04-29 13:49:25.771,203.9832314044849,2024-04-29 13:45:01,discard,2125,1356.9995792292634,2024-04-29T20-49-25_FLAG_P_FID_2125_OID_114g0_mbk-14-13-vehicle_1714398301_1714398565_2125.jpg,367,mbk-14-13_1714398301.mp4,,,,,585,0.9998990297317504,mbk-14-13-vehicle_1714398301.mp4,,,taxi,,mbk-14-13-vehicle,1391,,mbk-14-13-vehicle_1714398301.mp4,0.9831532835960388,,988.0,183.5,1714398565,1714398571,0,0
2.5190000534057617,979.9718311219114,0,False,2024-04-29 13:57:19.367,207.39181690391092,2024-04-29 13:55:01,discard,1114,1008.5941952884308,2024-04-29T20-57-19_FLAG_P_FID_1114_OID_131g0_mbk-14-13-vehicle_1714398901_1714399039_1114.jpg,330,mbk-14-13_1714398901.mp4,,,,,625,0.9986403584480286,mbk-14-13-vehicle_1714398901.mp4,,,suv,,mbk-14-13-vehicle,1374,,mbk-14-13-vehicle_1714398901.mp4,0.3170641958713531,,999.5,165.0,1714399039,1714399041,0,1
60.26300001144409,1131.8789613598149,0,True,2024-04-29 13:57:33.203,205.69017205962757,2024-04-29 13:55:01,discard,1225,2260.783012058562,2024-04-29T20-57-33_FLAG_P_FID_1225_OID_133g0_mbk-14-13-vehicle_1714398901_1714399053_1225.jpg,346,mbk-14-13_1714398901.mp4,0.7867246866226196,,,1กย5532,690,0.8307174444198608,mbk-14-13-vehicle_1714398901.mp4,0.5016641302327162,1กย5532,other,0.1658452188521329,mbk-14-13-vehicle,1405,white,mbk-14-13-vehicle_1714398901.mp4,0.8758580684661865,,1047.5,173.0,1714399053,1714399113,4,1
59.223999977111816,1809.441138113623,2,False,2024-04-29 13:57:52.359,199.6662959297573,2024-04-29 13:55:01,discard,1378,2911.409956493217,2024-04-29T20-57-52_FLAG_P_FID_1378_OID_135g0_mbk-14-13-vehicle_1714398901_1714399072_1378.jpg,480,mbk-14-13_1714398901.mp4,0.9166645407676696,,,6กกกก01,1491,0.9766884446144104,mbk-14-13-vehicle_1714398901.mp4,0.4473337052042474,6กกกก01,tuktuk,0.2080482806814121,mbk-14-13-vehicle,2025,white,mbk-14-13-vehicle_1714398901.mp4,1.0,,1758.0,241.0,1714399072,1714399131,2,0
62.10199999809265,919.5403394607272,0,False,2024-04-29 13:58:58.699,228.8209390704517,2024-04-29 13:55:01,discard,1909,4978.776419034936,2024-04-29T20-58-58_FLAG_P_FID_1909_OID_139g0_mbk-14-13-vehicle_1714398901_1714399138_1909.jpg,463,mbk-14-13_1714398901.mp4,,,,,981,0.9600022435188292,mbk-14-13-vehicle_1714398901.mp4,,,tuktuk,,mbk-14-13-vehicle,1318,,mbk-14-13-vehicle_1714398901.mp4,0.9791772961616516,,1149.5,231.5,1714399138,1714399200,0,2
1.2400000095367432,591.1539661587439,0,False,2024-04-29 14:01:33.739,200.7685952466856,2024-04-29 14:00:01,discard,749,592.6466696980377,2024-04-29T21-01-33_FLAG_P_FID_749_OID_2g0_mbk-14-13-vehicle_1714399201_1714399293_749.jpg,356,mbk-14-13_1714399201.mp4,,,,,522,0.9913709163665771,mbk-14-13-vehicle_1714399201.mp4,,,other,,mbk-14-13-vehicle,1344,,mbk-14-13-vehicle_1714399201.mp4,0.507465660572052,,933.0,178.0,1714399293,1714399294,0,0
30.591999769210812,668.9015044464024,0,True,2024-04-29 14:11:14.865,207.6417440824885,2024-04-29 14:10:01,toyota,598,2531.636137288046,2024-04-29T21-11-14_FLAG_P_FID_598_OID_8g0_mbk-14-13-vehicle_1714399801_1714399874_598.jpg,327,mbk-14-13_1714399801.mp4,0.99666565656662,economy,,1กศ3350,700,0.9998623132705688,mbk-14-13-vehicle_1714399801.mp4,0.5864080110916872,1กค3350,taxi,0.3006887516001132,mbk-14-13-vehicle,1381,yellow,mbk-14-13-vehicle_1714399801.mp4,0.9991375207901,th-10,1040.5,163.5,1714399874,1714399904,0,1
3.5989999771118164,1030.1345513990127,0,True,2024-04-29 14:11:55.614,208.37133876635036,2024-04-29 14:10:01,discard,924,1070.39898026235,2024-04-29T21-11-55_FLAG_P_FID_924_OID_11g0_mbk-14-13-vehicle_1714399801_1714399915_924.jpg,304,mbk-14-13_1714399801.mp4,0.9486756920814514,,,3ฬ5659,658,0.6344075202941895,mbk-14-13-vehicle_1714399801.mp4,0.5218350619841435,3ฬ5659,taxi,0.3713980636511332,mbk-14-13-vehicle,1377,yellow,mbk-14-13-vehicle_1714399801.mp4,0.8559008240699768,,1017.5,152.0,1714399915,1714399918,0,1
4.758000135421753,1533.6489465064778,0,False,2024-04-29 14:13:14.472,190.42615274598265,2024-04-29 14:10:01,discard,1555,1545.517841804903,2024-04-29T21-13-14_FLAG_P_FID_1555_OID_15g0_mbk-14-13-vehicle_1714399801_1714399994_1555.jpg,323,mbk-14-13_1714399801.mp4,,,,,548,0.9991004467010498,mbk-14-13-vehicle_1714399801.mp4,,,hatchback,,mbk-14-13-vehicle,1491,,mbk-14-13-vehicle_1714399801.mp4,0.418660432100296,,1019.5,161.5,1714399994,1714399998,0,0
1.3600001335144043,1026.855079585423,0,True,2024-04-29 14:13:34.588,204.16815844378584,2024-04-29 14:10:01,discard,1716,1046.6859411906669,2024-04-29T21-13-34_FLAG_P_FID_1716_OID_16g0_mbk-14-13-vehicle_1714399801_1714400014_1716.jpg,323,mbk-14-13_1714399801.mp4,0.9724553823471068,,,105677,620,0.997639536857605,mbk-14-13-vehicle_1714399801.mp4,0.5955208421581102,105677,taxi,0.1601022870999948,mbk-14-13-vehicle,1393,yellow,mbk-14-13-vehicle_1714399801.mp4,0.992323637008667,,1006.5,161.5,1714400014,1714400015,0,0
2.878999948501587,1163.2982664558122,0,True,2024-04-29 14:14:34.929,205.7138032688136,2024-04-29 14:10:01,discard,2199,1191.4804687451417,2024-04-29T21-14-34_FLAG_P_FID_2199_OID_21g0_mbk-14-13-vehicle_1714399801_1714400074_2199.jpg,351,mbk-14-13_1714399801.mp4,0.4052199423313141,,,ก0499,601,0.99925297498703,mbk-14-13-vehicle_1714399801.mp4,0.4278989417790195,ก0499,taxi,0.2137038733580855,mbk-14-13-vehicle,1391,white,mbk-14-13-vehicle_1714399801.mp4,0.9998024106025696,,996.0,175.5,1714400074,1714400076,0,0
45.4300000667572,1347.3342810733363,0,True,2024-04-29 14:14:58.923,203.5124651889905,2024-04-29 14:15:01,toyota,2391,2121.007405881605,2024-04-29T21-14-58_FLAG_P_FID_2391_OID_22g0_mbk-14-13-vehicle_1714399801_1714400098_2391.jpg,402,mbk-14-13_1714399801.mp4,0.9998661279678344,economy,,1มข563,723,0.9999310970306396,mbk-14-13-vehicle_1714399801.mp4,0.8319880786804493,1มข563,pickup,0.4199340294372807,mbk-14-13-vehicle,1513,red,mbk-14-13-vehicle_1714400101.mp4,0.5601314306259155,th-10,1118.0,201.0,1714400098,1714400143,0,0
40.58899998664856,1327.5976357434697,0,True,2024-04-29 14:15:39.875,201.745099156066,2024-04-29 14:15:01,discard,318,2023.6238709509355,2024-04-29T21-15-39_FLAG_P_FID_318_OID_23g0_mbk-14-13-vehicle_1714400101_1714400139_318.jpg,379,mbk-14-13_1714400101.mp4,0.6749947667121887,,,ทช5229,693,0.9985540509223938,mbk-14-13-vehicle_1714400101.mp4,0.6116185219946748,ทข5229,other,0.2867615805074858,mbk-14-13-vehicle,1517,yellow,mbk-14-13-vehicle_1714400101.mp4,0.4364796578884125,th-10,1105.0,189.5,1714400139,1714400179,0,0
205.30599999427795,918.6017822807293,0,True,2024-04-29 14:17:12.809,209.31000707091613,2024-04-29 14:25:01,toyota,1063,3671.56682382249,2024-04-29T21-17-12_FLAG_P_FID_1063_OID_25g0_mbk-14-13-vehicle_1714400101_1714400232_1063.jpg,348,mbk-14-13_1714400101.mp4,0.7938462495803833,economy,,1มข1042,702,0.9950252175331116,mbk-14-13-vehicle_1714400101.mp4,0.5023382232811582,1มข1042,taxi,0.1505905934563092,mbk-14-13-vehicle,1424,yellow,mbk-14-13-vehicle_1714400701.mp4,0.9807798266410828,,1063.0,174.0,1714400232,1714400437,2,5
3.400000095367432,1372.4542472720568,0,False,2024-04-29 14:25:20.241,204.5531973601972,2024-04-29 14:25:01,discard,161,1420.0569383792692,2024-04-29T21-25-20_FLAG_P_FID_161_OID_30g0_mbk-14-13-vehicle_1714400701_1714400720_161.jpg,388,mbk-14-13_1714400701.mp4,0.9801492094993592,,,30370,627,0.801840603351593,mbk-14-13-vehicle_1714400701.mp4,0.4908168023045032,30370,other,0.1378048655232171,mbk-14-13-vehicle,1428,yellow,mbk-14-13-vehicle_1714400701.mp4,0.502413809299469,,1027.5,194.0,1714400720,1714400723,0,0
16.236000061035156,1449.1195048774316,0,True,2024-04-29 14:26:44.737,206.64787841177431,2024-04-29 14:25:01,mazda,837,1536.315866796358,2024-04-29T21-26-44_FLAG_P_FID_837_OID_34g0_mbk-14-13-vehicle_1714400701_1714400804_837.jpg,372,mbk-14-13_1714400701.mp4,0.5249355435371399,economy,,กธ426,714,0.947007656097412,mbk-14-13-vehicle_1714400701.mp4,0.598444473027586,กธ426,pickup,0.3224686611770292,mbk-14-13-vehicle,1445,white,mbk-14-13-vehicle_1714400701.mp4,0.5105300545692444,,1079.5,186.0,1714400804,1714400820,0,0
3.5989999771118164,1284.869753541857,0,False,2024-04-29 14:27:43.320,204.0420222098816,2024-04-29 14:25:01,discard,1306,1321.198139072732,2024-04-29T21-27-43_FLAG_P_FID_1306_OID_35g0_mbk-14-13-vehicle_1714400701_1714400863_1306.jpg,381,mbk-14-13_1714400701.mp4,,,,,592,0.9996067881584167,mbk-14-13-vehicle_1714400701.mp4,,,bus,,mbk-14-13-vehicle,1395,,mbk-14-13-vehicle_1714400701.mp4,0.416047602891922,,993.5,190.5,1714400863,1714400866,0,0
121.69000005722046,955.0985886222336,0,True,2024-04-29 14:28:34.065,197.9239879878145,2024-04-29 14:30:01,discard,1712,9775.904684106352,2024-04-29T21-28-34_FLAG_P_FID_1712_OID_36g0_mbk-14-13-vehicle_1714400701_1714400914_1712.jpg,416,mbk-14-13_1714400701.mp4,0.9852803349494934,,,บก755,578,0.879650354385376,mbk-14-13-vehicle_1714400701.mp4,0.5302630122648839,บก755,other,0.3300235173944654,mbk-14-13-vehicle,1548,white,mbk-14-13-vehicle_1714401001.mp4,0.7475305795669556,,1063.0,208.0,1714400914,1714401035,0,3
67.78399991989136,1290.3053915316063,0,False,2024-04-29 14:30:51.631,200.507355382557,2024-04-29 14:30:01,discard,412,1920.523773158037,2024-04-29T21-30-51_FLAG_P_FID_412_OID_39g0_mbk-14-13-vehicle_1714401001_1714401051_412.jpg,356,mbk-14-13_1714401001.mp4,,,,,672,0.9744957089424132,mbk-14-13-vehicle_1714401001.mp4,,,pickup,,mbk-14-13-vehicle,1475,,mbk-14-13-vehicle_1714401001.mp4,0.8810359239578247,,1073.5,178.0,1714401051,1714401118,1,0
2.998999834060669,1183.8183451792424,0,False,2024-04-29 14:31:25.982,200.80149281410664,2024-04-29 14:30:01,discard,687,1191.4286205331405,2024-04-29T21-31-25_FLAG_P_FID_687_OID_64g0_mbk-14-13-vehicle_1714401001_1714401085_687.jpg,337,mbk-14-13_1714401001.mp4,,,,,651,0.9999212026596068,mbk-14-13-vehicle_1714401001.mp4,,,pickup,,mbk-14-13-vehicle,1424,,mbk-14-13-vehicle_1714401001.mp4,0.8654917478561401,,1037.5,168.5,1714401085,1714401087,0,0
11.996000051498411,1129.5369391433587,0,False,2024-04-29 14:31:35.619,198.998495693736,2024-04-29 14:30:01,discard,764,1226.1692677771414,2024-04-29T21-31-35_FLAG_P_FID_764_OID_67g0_mbk-14-13-vehicle_1714401001_1714401095_764.jpg,334,mbk-14-13_1714401001.mp4,,,,,665,0.6179491281509399,mbk-14-13-vehicle_1714401001.mp4,,,pickup,,mbk-14-13-vehicle,1440,,mbk-14-13-vehicle_1714401001.mp4,0.5038192272186279,,1052.5,167.0,1714401095,1714401106,1,0
15.115000009536743,1307.6145057210726,0,True,2024-04-29 14:31:52.734,208.7456006292753,2024-04-29 14:30:01,discard,901,1446.9923902866494,2024-04-29T21-31-52_FLAG_P_FID_901_OID_73g0_mbk-14-13-vehicle_1714401001_1714401112_901.jpg,325,mbk-14-13_1714401001.mp4,0.9744195342063904,,,305072,655,0.9998137354850768,mbk-14-13-vehicle_1714401001.mp4,0.3918152193101614,305072,pickup,0.2132631987138044,mbk-14-13-vehicle,1419,yellow,mbk-14-13-vehicle_1714401001.mp4,0.5139384269714355,,1037.0,162.5,1714401112,1714401127,0,0
50.2260000705719,1374.279608363198,0,True,2024-04-29 14:32:06.610,207.0672497981309,2024-04-29 14:30:01,toyota,1012,1705.9381972401611,2024-04-29T21-32-06_FLAG_P_FID_1012_OID_74g0_mbk-14-13-vehicle_1714401001_1714401126_1012.jpg,379,mbk-14-13_1714401001.mp4,0.571950376033783,economy,,ทษ1715,733,0.9946876764297484,mbk-14-13-vehicle_1714401001.mp4,0.9166216003332474,ทษ1715,pickup,0.5390818881279074,mbk-14-13-vehicle,1475,red,mbk-14-13-vehicle_1714401001.mp4,0.6508403420448303,,1104.0,189.5,1714401126,1714401176,0,1
34.11100006103516,1990.6087352024,0,False,2024-04-29 14:32:31.084,212.28764374465177,2024-04-29 14:30:01,discard,1208,2872.639061299048,2024-04-29T21-32-31_FLAG_P_FID_1208_OID_76g0_mbk-14-13-vehicle_1714401001_1714401151_1208.jpg,526,mbk-14-13_1714401001.mp4,,,,,1487,0.9692786931991576,mbk-14-13-vehicle_1714401001.mp4,,,tuktuk,,mbk-14-13-vehicle,2037,,mbk-14-13-vehicle_1714401001.mp4,1.0,,1762.0,263.0,1714401151,1714401185,0,0
20.233999967575077,1392.1952603736688,0,True,2024-04-29 14:32:55.837,210.8149795970898,2024-04-29 14:30:01,discard,1406,1780.9091134390528,2024-04-29T21-32-55_FLAG_P_FID_1406_OID_77g0_mbk-14-13-vehicle_1714401001_1714401175_1406.jpg,384,mbk-14-13_1714401001.mp4,0.8567161560058594,,,ก9072,679,0.6787294149398804,mbk-14-13-vehicle_1714401001.mp4,0.5004342197305676,ก9072,other,0.36569217066417,mbk-14-13-vehicle,1520,red,mbk-14-13-vehicle_1714401001.mp4,0.6197288632392883,,1099.5,192.0,1714401175,1714401195,1,0
82.98100018501282,517.2605281907073,0,False,2024-04-29 14:45:16.400,193.2182373989993,2024-04-29 14:45:01,discard,130,4950.770088280039,2024-04-29T21-45-16_FLAG_P_FID_130_OID_117g0_mbk-14-13-vehicle_1714401901_1714401916_130.jpg,306,mbk-14-13_1714401901.mp4,,,,,473,0.997873067855835,mbk-14-13-vehicle_1714401901.mp4,,,other,,mbk-14-13-vehicle,1562,,mbk-14-13-vehicle_1714401901.mp4,0.3573053777217865,,1017.5,153.0,1714401916,1714401998,5,1
78.2189998626709,643.5383522575686,0,False,2024-04-29 14:46:44.216,191.75978302657347,2024-04-29 14:45:01,discard,833,2785.933716537445,2024-04-29T21-46-44_FLAG_P_FID_833_OID_120g0_mbk-14-13-vehicle_1714401901_1714402004_833.jpg,339,mbk-14-13_1714401901.mp4,,,,,587,0.5661934614181519,mbk-14-13-vehicle_1714401901.mp4,,,taxi,,mbk-14-13-vehicle,1491,,mbk-14-13-vehicle_1714401901.mp4,0.9914560914039612,,1039.0,169.5,1714402004,1714402082,0,1
94.69400000572205,603.613608693008,0,False,2024-04-29 14:48:20.189,192.09475707701208,2024-04-29 14:45:01,discard,1600,1309.8452865828956,2024-04-29T21-48-20_FLAG_P_FID_1600_OID_124g0_mbk-14-13-vehicle_1714401901_1714402100_1600.jpg,339,mbk-14-13_1714401901.mp4,,,,,576,0.9841254949569702,mbk-14-13-vehicle_1714401901.mp4,,,taxi,,mbk-14-13-vehicle,1491,,mbk-14-13-vehicle_1714401901.mp4,0.8136748671531677,,1033.5,169.5,1714402100,1714402194,1,0
106.97000002861024,1272.9973876561753,0,True,2024-04-29 15:02:47.079,199.4517296342623,2024-04-29 15:00:01,toyota,1336,4968.151471630486,2024-04-29T22-02-47_FLAG_P_FID_1336_OID_5g0_mbk-14-13-vehicle_1714402801_1714402967_1336.jpg,365,mbk-14-13_1714402801.mp4,0.8482406735420227,economy,,1กข4684,639,0.9966511130332948,mbk-14-13-vehicle_1714402801.mp4,0.7462448130588338,1กข4684,pickup,0.6447906667767058,mbk-14-13-vehicle,1513,white,mbk-14-13-vehicle_1714402801.mp4,0.9951207041740416,,1076.0,182.5,1714402967,1714403073,0,2
8.759000062942505,1388.3719500502873,0,True,2024-04-29 15:03:17.310,190.1535565689296,2024-04-29 15:00:01,discard,1578,1450.744516284641,2024-04-29T22-03-17_FLAG_P_FID_1578_OID_8g0_mbk-14-13-vehicle_1714402801_1714402997_1578.jpg,538,mbk-14-13_1714402801.mp4,0.9034168124198914,,,2กบ4577,84,0.9999504089355468,mbk-14-13-vehicle_1714402801.mp4,0.2908628599418022,2กบ4577,pickup,0.1717302439818067,mbk-14-13-vehicle,1056,white,mbk-14-13-vehicle_1714402801.mp4,0.989751935005188,,570.0,269.0,1714402997,1714403005,0,0
2.999000072479248,1185.4754943555806,0,False,2024-04-29 15:03:27.068,202.53714313539976,2024-04-29 15:00:01,discard,1656,1210.8570071785614,2024-04-29T22-03-27_FLAG_P_FID_1656_OID_9g0_mbk-14-13-vehicle_1714402801_1714403007_1656.jpg,341,mbk-14-13_1714402801.mp4,,,,,590,0.9980642199516296,mbk-14-13-vehicle_1714402801.mp4,,,taxi,,mbk-14-13-vehicle,1400,,mbk-14-13-vehicle_1714402801.mp4,0.571148157119751,,995.0,170.5,1714403007,1714403009,0,0
13.959999799728394,163.9903859892607,0,False,2024-04-29 15:45:07.523,335.0819774841808,2024-04-29 15:45:01,discard,59,368.8534671175789,2024-04-29T22-45-07_FLAG_P_FID_59_OID_54g0_mbk-14-13-vehicle_1714405501_1714405507_59.jpg,236,mbk-14-13_1714405501.mp4,,,,,2157,0.9398620128631592,mbk-14-13-vehicle_1714405501.mp4,,,other,,mbk-14-13-vehicle,2318,,mbk-14-13-vehicle_1714405501.mp4,0.8640120029449463,,2237.5,118.0,1714405507,1714405520,0,0
1.119999885559082,116.03556069039274,44,False,2024-04-29 15:47:59.475,312.54596832547304,2024-04-29 15:45:01,bike,1435,123.06346870359651,2024-04-29T22-47-59_FLAG_P_FID_1435_OID_67g0_mbk-14-13-vehicle_1714405501_1714405679_1435.jpg,339,mbk-14-13_1714405501.mp4,,,,,2157,0.8257715702056885,mbk-14-13-vehicle_1714405501.mp4,,,other,,mbk-14-13-vehicle,2318,,mbk-14-13-vehicle_1714405501.mp4,0.655454695224762,,2237.5,191.5,1714405679,1714405680,0,0
1.999000072479248,116.78363393280137,49,False,2024-04-29 15:48:01.314,313.7811247648687,2024-04-29 15:45:01,discard,1450,141.0136892693141,2024-04-29T22-48-01_FLAG_P_FID_1450_OID_68g0_mbk-14-13-vehicle_1714405501_1714405681_1450.jpg,339,mbk-14-13_1714405501.mp4,,,,,2157,0.9991869330406188,mbk-14-13-vehicle_1714405501.mp4,,,other,,mbk-14-13-vehicle,2318,,mbk-14-13-vehicle_1714405501.mp4,0.4238343834877014,,2237.5,194.0,1714405681,1714405682,0,0
0.4800000190734863,560.4295638259548,35,False,2024-04-29 16:57:40.840,205.7618919252677,2024-04-29 16:55:01,bike,1286,563.4545105570852,2024-04-29T23-57-40_FLAG_P_FID_1286_OID_15g0_mbk-14-13-vehicle_1714409701_1714409860_1286.jpg,351,mbk-14-13_1714409701.mp4,,,,,840,0.9696109890937804,mbk-14-13-vehicle_1714409701.mp4,,,motorbike,,mbk-14-13-vehicle,1229,,mbk-14-13-vehicle_1714409701.mp4,0.9994706511497498,,1034.5,193.0,1714409860,1714409860,0,0
