lifetime,travel_displacement,ymin,is_plate_valid,timestamp_precise,travel_trajectory,timestamp,car_brand,frame_no,travel_distance,image_name,ymax,true_video_name,province_confidence,purchasing_power,plate_image_name,plate_number,xmin,car_brand_confidence,original_video_name,plate_number_confidence,similarized_plate_number,vehicle_type,plate_color_confidence,camera,xmax,plate_color,video_name,vehicle_type_confidence,province,xmid,ymid,timestamp_unix,timestamp_unix_end,cluster_cross_list,cross_count,cluster_reverse_list,reverse_count
36.63499999046326,10.005551260996176,0,False,2024-04-29 02:00:37.635,339.44395478041685,2024-04-29 02:00:01,discard,300,10.005551260996176,2024-04-29T09-00-37_FLAG_P_FID_300_OID_1g0_mbk-14-11-vehicle-snapshot_1714356001_1714356037_300.jpg,426,mbk-14-11_1714356001.mp4,,,,,1198,0.7435869574546814,mbk-14-11-vehicle-snapshot_1714356001.mp4,,,other,,mbk-14-11-vehicle-snapshot,2341,,mbk-14-11-vehicle-snapshot_1714356001.mp4,0.5164493322372437,,1769.5,213.0,1714356037,1714356073,[],0,[10],3
37.51099991798401,3.703220664861848,0,False,2024-04-29 02:01:52.615,71.56505117708022,2024-04-29 02:00:01,discard,900,3.703220664861848,2024-04-29T09-01-52_FLAG_P_FID_900_OID_1g1_mbk-14-11-vehicle-snapshot_1714356001_1714356112_900.jpg,416,mbk-14-11_1714356001.mp4,,,,,1196,0.4655038714408874,mbk-14-11-vehicle-snapshot_1714356001.mp4,,,bus,,mbk-14-11-vehicle-snapshot,2325,,mbk-14-11-vehicle-snapshot_1714356001.mp4,0.3845074772834778,,1760.5,208.0,1714356112,1714356149,[],0,"[1, 3, 11]",9
37.50999999046326,3.703220664861893,0,True,2024-04-29 02:03:07.593,18.43494882292187,2024-04-29 02:00:01,discard,1500,3.703220664861893,2024-04-29T09-03-07_FLAG_P_FID_1500_OID_1g2_mbk-14-11-vehicle-snapshot_1714356001_1714356187_1500.jpg,419,mbk-14-11_1714356001.mp4,0.3853031098842621,,,320790,1193,0.7968468070030212,mbk-14-11-vehicle-snapshot_1714356001.mp4,0.998537427529103,320790,truck,0.5774954626308415,mbk-14-11-vehicle-snapshot,2334,white,mbk-14-11-vehicle-snapshot_1714356001.mp4,0.7774930596351624,,1763.5,209.5,1714356187,1714356224,[],0,[],0
37.47000002861023,3.51318359375,0,True,2024-04-29 02:04:22.652,270.0,2024-04-29 02:00:01,discard,2100,3.51318359375,2024-04-29T09-04-22_FLAG_P_FID_2100_OID_1g3_mbk-14-11-vehicle-snapshot_1714356001_1714356262_2100.jpg,421,mbk-14-11_1714356001.mp4,0.8044224977493286,,,320790,1196,0.7487500309944153,mbk-14-11-vehicle-snapshot_1714356001.mp4,0.9999843680023536,320790,bus,0.694465406292777,mbk-14-11-vehicle-snapshot,2325,white,mbk-14-11-vehicle-snapshot_1714356001.mp4,0.4657997786998749,th-10,1760.5,210.5,1714356262,1714356299,[0],3,[4],4
37.46900010108948,156.84352743538332,0,False,2024-04-29 02:06:15.104,203.3109350353842,2024-04-29 02:05:01,,600,156.84352743538332,,545,mbk-14-11_1714356301.mp4,,,,,931,,mbk-14-11-vehicle-snapshot_1714356301.mp4,,,,,mbk-14-11-vehicle-snapshot,2299,,mbk-14-11-vehicle-snapshot_1714356301.mp4,,,1615.0,272.5,1714356375,1714356412,[],0,[],0
37.4689998626709,384.5113061252808,0,False,2024-04-29 02:07:30.083,190.35166948709204,2024-04-29 02:05:01,,1200,384.5113061252808,,709,mbk-14-11_1714356301.mp4,,,,,268,,mbk-14-11-vehicle-snapshot_1714356301.mp4,,,,,mbk-14-11-vehicle-snapshot,2154,,mbk-14-11-vehicle-snapshot_1714356301.mp4,,,1211.0,354.5,1714356450,1714356487,[],0,[0],4
36.23199987411499,59.7356009825814,0,True,2024-04-29 02:29:58.804,178.87669728592454,2024-04-29 02:30:01,toyota,2400,59.7356009825814,2024-04-29T09-29-58_FLAG_P_FID_2400_OID_8g0_mbk-14-11-vehicle-snapshot_1714357501_1714357798_2400.jpg,667,mbk-14-11_1714357501.mp4,0.9961857199668884,premium,,6กจ2543,1055,0.987859070301056,mbk-14-11-vehicle-snapshot_1714357501.mp4,0.9488256744574672,6กจ2543,suv,0.6480858055418889,mbk-14-11-vehicle-snapshot,2032,white,mbk-14-11-vehicle-snapshot_1714357801.mp4,0.9795325398445128,th-10,1543.5,333.5,1714357798,1714357834,[1],5,"[5, 6]",5
36.63499999046326,377.8682603900333,21,True,2024-04-29 02:30:37.635,15.457576445275976,2024-04-29 02:30:01,toyota,300,377.8682603900333,2024-04-29T09-30-37_FLAG_P_FID_300_OID_8g1_mbk-14-11-vehicle-snapshot_1714357801_1714357837_300.jpg,447,mbk-14-11_1714357801.mp4,0.9899877905845642,economy,,1มข4258,1613,0.9986649751663208,mbk-14-11-vehicle-snapshot_1714357801.mp4,0.9999635661303136,1มข4258,taxi,0.7028290761541529,mbk-14-11-vehicle-snapshot,2205,yellow,mbk-14-11-vehicle-snapshot_1714357801.mp4,0.9999960660934448,th-10,1909.0,234.0,1714357837,1714357873,[],0,[],0
37.46900010108948,51.526692708333485,28,False,2024-04-29 02:46:15.105,0.0,2024-04-29 02:45:01,,600,51.526692708333485,2024-04-29T09-46-15_FLAG_P_FID_600_OID_13g0_mbk-14-11-vehicle-snapshot_1714358701_1714358775_600.jpg,489,mbk-14-11_1714358701.mp4,,,,,1437,,mbk-14-11-vehicle-snapshot_1714358701.mp4,,,,,mbk-14-11-vehicle-snapshot,2207,,mbk-14-11-vehicle-snapshot_1714358701.mp4,,,1822.0,258.5,1714358775,1714358812,[],0,[],0
37.509000062942505,19.908040364583314,37,False,2024-04-29 02:49:22.572,270.0,2024-04-29 02:45:01,,2100,19.908040364583314,2024-04-29T09-49-22_FLAG_P_FID_2100_OID_13g1_mbk-14-11-vehicle-snapshot_1714358701_1714358962_2100.jpg,644,mbk-14-11_1714358701.mp4,,,,,1006,,mbk-14-11-vehicle-snapshot_1714358701.mp4,,,,,mbk-14-11-vehicle-snapshot,2011,,mbk-14-11-vehicle-snapshot_1714358701.mp4,,,1508.5,340.5,1714358962,1714358999,[],0,[22],2
2.838000059127808,0.0,39,False,2024-04-29 02:50:01.000,0.0,2024-04-29 02:50:01,,0,0.0,,644,mbk-14-11_1714359001.mp4,,,,,1004,,mbk-14-11-vehicle-snapshot_1714359001.mp4,,,,,mbk-14-11-vehicle-snapshot,1917,,mbk-14-11-vehicle-snapshot_1714359001.mp4,,,1460.5,341.5,1714359001,1714359003,[5],3,[],0
2.838000059127808,0.0,16,True,2024-04-29 02:55:02.000,0.0,2024-04-29 02:55:02,toyota,0,0.0,2024-04-29T09-55-02_FLAG_P_FID_0_OID_18g0_mbk-14-11-vehicle-snapshot_1714359302_1714359302_0.jpg,466,mbk-14-11_1714359302.mp4,0.999670147895813,economy,,1มก3392,1437,0.8506705164909363,mbk-14-11-vehicle-snapshot_1714359302.mp4,0.9998030079744316,1มก3392,taxi,0.7680920483729676,mbk-14-11-vehicle-snapshot,2205,yellow,mbk-14-11-vehicle-snapshot_1714359302.mp4,0.9999990463256836,th-10,1821.0,241.0,1714359302,1714359304,"[11, 12]",4,[23],3
37.50999999046326,34.14200755486013,0,True,2024-04-29 02:59:23.572,185.90614111377047,2024-04-29 02:55:02,honda,2100,34.14200755486013,2024-04-29T09-59-23_FLAG_P_FID_2100_OID_18g1_mbk-14-11-vehicle-snapshot_1714359302_1714359563_2100.jpg,288,mbk-14-11_1714359302.mp4,0.97058367729187,,,ฎษ589,1814,0.4113617539405823,mbk-14-11-vehicle-snapshot_1714359302.mp4,0.9882488313799948,ฎษ589,pickup,0.609149205109905,mbk-14-11-vehicle-snapshot,2261,white,mbk-14-11-vehicle-snapshot_1714359302.mp4,0.8338585495948792,th-10,2037.5,144.0,1714359563,1714359600,[],0,[],0
1.838000059127808,1.171061197916515,0,True,2024-04-29 03:20:01.000,180.0,2024-04-29 03:20:01,isuzu,0,1.171061197916515,2024-04-29T10-20-01_FLAG_P_FID_0_OID_6g0_mbk-14-11-vehicle-snapshot_1714360801_1714360801_0.jpg,592,mbk-14-11_1714360801.mp4,0.8454186916351318,,,339833,1315,0.7974277138710022,mbk-14-11-vehicle-snapshot_1714360801.mp4,0.9974394800408148,339833,van,0.8684855304167,mbk-14-11-vehicle-snapshot,2196,yellow,mbk-14-11-vehicle-snapshot_1714360801.mp4,0.9244814515113832,th-10,1755.5,296.0,1714360801,1714360802,[54],3,[],0
37.46900010108948,1.1710611979166856,0,True,2024-04-29 03:21:15.104,90.0,2024-04-29 03:20:01,isuzu,600,1.1710611979166856,2024-04-29T10-21-15_FLAG_P_FID_600_OID_6g1_mbk-14-11-vehicle-snapshot_1714360801_1714360875_600.jpg,592,mbk-14-11_1714360801.mp4,0.7611187100410461,,,339833,1315,0.5454738140106201,mbk-14-11-vehicle-snapshot_1714360801.mp4,0.993599391826501,339833,van,0.8468174109251465,mbk-14-11-vehicle-snapshot,2198,yellow,mbk-14-11-vehicle-snapshot_1714360801.mp4,0.7636319994926453,th-10,1756.5,296.0,1714360875,1714360912,[],0,[],0
37.46799993515015,0.0,0,True,2024-04-29 03:22:30.083,0.0,2024-04-29 03:20:01,isuzu,1200,0.0,2024-04-29T10-22-30_FLAG_P_FID_1200_OID_6g2_mbk-14-11-vehicle-snapshot_1714360801_1714360950_1200.jpg,592,mbk-14-11_1714360801.mp4,0.7152279019355774,,,339833,1315,0.6171060800552368,mbk-14-11-vehicle-snapshot_1714360801.mp4,0.9971641090482516,339833,van,0.8574092499862532,mbk-14-11-vehicle-snapshot,2198,yellow,mbk-14-11-vehicle-snapshot_1714360801.mp4,0.8182041645050049,th-10,1756.5,296.0,1714360950,1714360987,[],0,[],0
37.47000002861023,0.0,0,True,2024-04-29 03:23:45.063,0.0,2024-04-29 03:20:01,isuzu,1800,0.0,2024-04-29T10-23-45_FLAG_P_FID_1800_OID_6g3_mbk-14-11-vehicle-snapshot_1714360801_1714361025_1800.jpg,592,mbk-14-11_1714360801.mp4,0.8816958069801331,,,339833,1317,0.8554309010505676,mbk-14-11-vehicle-snapshot_1714360801.mp4,0.962674984214644,339833,van,0.8540102065840115,mbk-14-11-vehicle-snapshot,2196,yellow,mbk-14-11-vehicle-snapshot_1714360801.mp4,0.8967543840408325,,1756.5,296.0,1714361025,1714361062,[],0,[],0
36.10999989509583,1.1710611979166856,0,True,2024-04-29 03:24:58.682,90.0,2024-04-29 03:25:01,isuzu,2400,1.1710611979166856,2024-04-29T10-24-58_FLAG_P_FID_2400_OID_6g4_mbk-14-11-vehicle-snapshot_1714360801_1714361098_2400.jpg,592,mbk-14-11_1714360801.mp4,0.7011932134628296,,,339835,1317,0.8191783428192139,mbk-14-11-vehicle-snapshot_1714360801.mp4,0.9866917774904592,339835,van,0.8306888589638538,mbk-14-11-vehicle-snapshot,2196,yellow,mbk-14-11-vehicle-snapshot_1714361101.mp4,0.8651696443557739,,1756.5,296.0,1714361098,1714361134,[],0,[],0
36.63499999046326,130.07216639294845,0,True,2024-04-29 03:25:37.635,267.936180271543,2024-04-29 03:25:01,isuzu,300,130.07216639294845,2024-04-29T10-25-37_FLAG_P_FID_300_OID_6g5_mbk-14-11-vehicle-snapshot_1714361101_1714361137_300.jpg,592,mbk-14-11_1714361101.mp4,0.628121554851532,,,339835,1317,0.8262030482292175,mbk-14-11-vehicle-snapshot_1714361101.mp4,0.9605544122225324,339835,van,0.8402930017667795,mbk-14-11-vehicle-snapshot,2196,yellow,mbk-14-11-vehicle-snapshot_1714361101.mp4,0.9310972690582277,,1756.5,296.0,1714361137,1714361173,[],0,[],0
37.10999989509583,1.1710611979166856,0,True,2024-04-29 03:26:52.214,90.0,2024-04-29 03:25:01,isuzu,900,1.1710611979166856,2024-04-29T10-26-52_FLAG_P_FID_900_OID_6g6_mbk-14-11-vehicle-snapshot_1714361101_1714361212_900.jpg,592,mbk-14-11_1714361101.mp4,0.8848220705986023,,,339833,1315,0.7096977233886719,mbk-14-11-vehicle-snapshot_1714361101.mp4,0.916859759676238,339833,van,0.8054498834858254,mbk-14-11-vehicle-snapshot,2198,yellow,mbk-14-11-vehicle-snapshot_1714361101.mp4,0.9060890674591064,th-10,1756.5,296.0,1714361212,1714361249,[],0,[],0
37.47000002861023,0.0,0,True,2024-04-29 03:28:07.193,0.0,2024-04-29 03:25:01,isuzu,1500,0.0,2024-04-29T10-28-07_FLAG_P_FID_1500_OID_6g7_mbk-14-11-vehicle-snapshot_1714361101_1714361287_1500.jpg,592,mbk-14-11_1714361101.mp4,0.8458312153816223,,,339835,1317,0.888668417930603,mbk-14-11-vehicle-snapshot_1714361101.mp4,0.962499057788318,339835,van,0.8124958334433238,mbk-14-11-vehicle-snapshot,2196,yellow,mbk-14-11-vehicle-snapshot_1714361101.mp4,0.9917952418327332,,1756.5,296.0,1714361287,1714361324,[55],3,[],0
36.19000005722046,1.6561306284627004,1175,False,2024-04-29 04:09:58.681,314.99999999999864,2024-04-29 04:10:01,discard,2400,1.6561306284627004,2024-04-29T11-09-58_FLAG_P_FID_2400_OID_4g0_mbk-14-11-vehicle-snapshot_1714363501_1714363798_2400.jpg,1428,mbk-14-11_1714363501.mp4,,,,,264,0.9998459815979004,mbk-14-11-vehicle-snapshot_1714363501.mp4,,,other,,mbk-14-11-vehicle-snapshot,315,,mbk-14-11-vehicle-snapshot_1714363801.mp4,0.913263976573944,,289.5,1301.5,1714363798,1714363834,[57],3,[],0
37.47099995613098,0.0,1168,False,2024-04-29 04:11:15.105,0.0,2024-04-29 04:10:01,discard,600,0.0,2024-04-29T11-11-15_FLAG_P_FID_600_OID_4g1_mbk-14-11-vehicle-snapshot_1714363801_1714363875_600.jpg,1428,mbk-14-11_1714363801.mp4,,,,,264,0.999925971031189,mbk-14-11-vehicle-snapshot_1714363801.mp4,,,other,,mbk-14-11-vehicle-snapshot,315,,mbk-14-11-vehicle-snapshot_1714363801.mp4,0.9205349683761596,,289.5,1298.0,1714363875,1714363912,[],0,[],0
37.47000002861023,11.710611979166652,1168,False,2024-04-29 04:12:30.083,216.86989764584408,2024-04-29 04:10:01,discard,1200,11.710611979166652,2024-04-29T11-12-30_FLAG_P_FID_1200_OID_4g2_mbk-14-11-vehicle-snapshot_1714363801_1714363950_1200.jpg,1428,mbk-14-11_1714363801.mp4,,,,,264,0.999869465827942,mbk-14-11-vehicle-snapshot_1714363801.mp4,,,other,,mbk-14-11-vehicle-snapshot,315,,mbk-14-11-vehicle-snapshot_1714363801.mp4,0.9258896112442015,,289.5,1298.0,1714363950,1714363987,[],0,[],0
37.509000062942505,1.1710611979166288,1168,False,2024-04-29 04:14:22.571,180.0,2024-04-29 04:10:01,discard,2100,1.1710611979166288,2024-04-29T11-14-22_FLAG_P_FID_2100_OID_4g3_mbk-14-11-vehicle-snapshot_1714363801_1714364062_2100.jpg,1428,mbk-14-11_1714363801.mp4,,,,,264,0.999922513961792,mbk-14-11-vehicle-snapshot_1714363801.mp4,,,other,,mbk-14-11-vehicle-snapshot,315,,mbk-14-11-vehicle-snapshot_1714363801.mp4,0.9598960280418396,,289.5,1298.0,1714364062,1714364099,[],0,[],0
1.83899998664856,0.0,1171,False,2024-04-29 04:15:01.000,0.0,2024-04-29 04:15:01,,0,0.0,,1428,mbk-14-11_1714364101.mp4,,,,,264,,mbk-14-11-vehicle-snapshot_1714364101.mp4,,,,,mbk-14-11-vehicle-snapshot,315,,mbk-14-11-vehicle-snapshot_1714364101.mp4,,,289.5,1299.5,1714364101,1714364102,[84],3,[],0
74.97900009155273,12.448551289489794,1164,False,2024-04-29 04:17:30.084,228.81407483429024,2024-04-29 04:15:01,,1200,12.448551289489794,,1428,mbk-14-11_1714364101.mp4,,,,,264,,mbk-14-11-vehicle-snapshot_1714364101.mp4,,,,,mbk-14-11-vehicle-snapshot,315,,mbk-14-11-vehicle-snapshot_1714364101.mp4,,,289.5,1296.0,1714364250,1714364324,[],0,[],0
149.7979998588562,140.4931836464881,0,False,2024-04-29 05:49:22.412,309.9278671274856,2024-04-29 05:45:01,other,2100,179.51785709681354,2024-04-29T12-49-22_FLAG_P_FID_2100_OID_19g0_mbk-14-11-vehicle-snapshot_1714369501_1714369762_2100.jpg,379,mbk-14-11_1714369501.mp4,0.9313214421272278,,,11452,905,0.3965567946434021,mbk-14-11-vehicle-snapshot_1714369501.mp4,0.8399915570539989,11452,pickup,0.6963112143751897,mbk-14-11-vehicle-snapshot,1861,white,mbk-14-11-vehicle-snapshot_1714369501.mp4,0.9989805817604064,,1383.0,189.5,1714369762,1714369911,[63],2,[7],3
37.47000002861023,4.828409013072843,0,False,2024-04-29 06:26:15.104,165.96375653207352,2024-04-29 06:25:01,toyota,600,4.828409013072843,2024-04-29T13-26-15_FLAG_P_FID_600_OID_10g0_mbk-14-11-vehicle-snapshot_1714371901_1714371975_600.jpg,428,mbk-14-11_1714371901.mp4,,economy,,,971,0.994255006313324,mbk-14-11-vehicle-snapshot_1714371901.mp4,,,taxi,,mbk-14-11-vehicle-snapshot,1737,,mbk-14-11-vehicle-snapshot_1714371901.mp4,0.9535840153694152,,1354.0,214.0,1714371975,1714372012,[89],2,[24],2
37.47000002861023,2.342122395833257,0,False,2024-04-29 06:27:30.083,180.0,2024-04-29 06:25:01,toyota,1200,2.342122395833257,2024-04-29T13-27-30_FLAG_P_FID_1200_OID_10g1_mbk-14-11-vehicle-snapshot_1714371901_1714372050_1200.jpg,428,mbk-14-11_1714371901.mp4,,economy,,,968,0.9980023503303528,mbk-14-11-vehicle-snapshot_1714371901.mp4,,,taxi,,mbk-14-11-vehicle-snapshot,1741,,mbk-14-11-vehicle-snapshot_1714371901.mp4,0.9932605624198914,,1354.5,214.0,1714372050,1714372087,[],0,[28],2
112.44799995422365,397.3281387368836,0,True,2024-04-29 06:43:45.062,2.3648535603549594,2024-04-29 06:40:01,mitsubishi,1800,397.3281387368836,2024-04-29T13-43-45_FLAG_P_FID_1800_OID_17g0_mbk-14-11-vehicle-snapshot_1714372801_1714373025_1800.jpg,463,mbk-14-11_1714372801.mp4,0.6235522031784058,,,315234,1146,0.7539656162261963,mbk-14-11-vehicle-snapshot_1714372801.mp4,0.9999600492305096,315234,van,0.5530852936579997,mbk-14-11-vehicle-snapshot,2303,yellow,mbk-14-11-vehicle-snapshot_1714372801.mp4,0.5909217596054077,,1724.5,231.5,1714373025,1714373137,[35],3,[],0
36.10999989509583,1.6561306284625394,0,True,2024-04-29 06:44:58.682,134.99999999999582,2024-04-29 06:45:01,other,2400,1.6561306284625394,2024-04-29T13-44-58_FLAG_P_FID_2400_OID_17g1_mbk-14-11-vehicle-snapshot_1714372801_1714373098_2400.jpg,454,mbk-14-11_1714372801.mp4,0.2209630310535431,,,315234,1142,0.3161980807781219,mbk-14-11-vehicle-snapshot_1714372801.mp4,0.9999523539702048,315234,bus,0.542915184706739,mbk-14-11-vehicle-snapshot,2306,yellow,mbk-14-11-vehicle-snapshot_1714373101.mp4,0.6284880638122559,th-20,1724.0,227.0,1714373098,1714373134,"[24, 36]",7,"[25, 26]",4
36.63499999046326,17.604910065493666,0,True,2024-04-29 06:45:37.635,176.1859251657096,2024-04-29 06:45:01,ford,300,17.604910065493666,2024-04-29T13-45-37_FLAG_P_FID_300_OID_17g2_mbk-14-11-vehicle-snapshot_1714373101_1714373137_300.jpg,454,mbk-14-11_1714373101.mp4,0.4166779816150665,,,315234,1144,0.3218090832233429,mbk-14-11-vehicle-snapshot_1714373101.mp4,0.9998182906855262,315234,bus,0.556827103832371,mbk-14-11-vehicle-snapshot,2306,yellow,mbk-14-11-vehicle-snapshot_1714373101.mp4,0.6759229302406311,th-50,1725.0,227.0,1714373137,1714373173,[],0,[],0
224.05799984931943,502.0589432404851,2,False,2024-04-29 06:49:59.162,190.89057469622023,2024-04-29 06:50:01,discard,2400,502.0589432404851,2024-04-29T13-49-59_FLAG_P_FID_2400_OID_17g3_mbk-14-11-vehicle-snapshot_1714373101_1714373399_2400.jpg,793,mbk-14-11_1714373101.mp4,,,,,264,0.9979448914527892,mbk-14-11-vehicle-snapshot_1714373101.mp4,,,van,,mbk-14-11-vehicle-snapshot,1034,,mbk-14-11-vehicle-snapshot_1714373401.mp4,0.9582163095474244,,649.0,397.5,1714373399,1714373623,[],0,[],0
36.63499999046326,13.092862221770044,4,False,2024-04-29 06:50:37.635,190.30484646876596,2024-04-29 06:55:01,discard,300,13.092862221770044,2024-04-29T13-50-37_FLAG_P_FID_300_OID_17g4_mbk-14-11-vehicle-snapshot_1714373401_1714373437_300.jpg,789,mbk-14-11_1714373401.mp4,,,,,264,0.994075894355774,mbk-14-11-vehicle-snapshot_1714373401.mp4,,,van,,mbk-14-11-vehicle-snapshot,1008,,mbk-14-11-vehicle-snapshot_1714373701.mp4,0.9976281523704528,,636.0,396.5,1714373437,1714373473,[],0,[],0
36.63499999046326,1.171061197916515,0,True,2024-04-29 07:10:37.635,180.0,2024-04-29 07:10:01,toyota,300,1.171061197916515,2024-04-29T14-10-37_FLAG_P_FID_300_OID_7g0_mbk-14-11-vehicle-snapshot_1714374601_1714374637_300.jpg,295,mbk-14-11_1714374601.mp4,0.9364724159240724,,,344878,1856,0.9272308349609376,mbk-14-11-vehicle-snapshot_1714374601.mp4,0.9996384968720612,344878,motorbike,0.7408193943751625,mbk-14-11-vehicle-snapshot,2364,yellow,mbk-14-11-vehicle-snapshot_1714374601.mp4,0.644172191619873,th-10,2110.0,147.5,1714374637,1714374673,[67],2,[],0
37.509000062942505,1.6561306284625394,0,True,2024-04-29 07:11:52.614,45.00000000000417,2024-04-29 07:10:01,toyota,900,1.6561306284625394,2024-04-29T14-11-52_FLAG_P_FID_900_OID_7g1_mbk-14-11-vehicle-snapshot_1714374601_1714374712_900.jpg,295,mbk-14-11_1714374601.mp4,0.671168327331543,,,344878,1856,0.9697871208190918,mbk-14-11-vehicle-snapshot_1714374601.mp4,0.9999432046252476,344878,motorbike,0.7494586001058072,mbk-14-11-vehicle-snapshot,2367,yellow,mbk-14-11-vehicle-snapshot_1714374601.mp4,0.7760860919952393,th-10,2111.5,147.5,1714374712,1714374749,[],0,[],0
37.4689998626709,288.0429688789401,0,True,2024-04-29 07:13:07.553,206.565051177078,2024-04-29 07:10:01,toyota,1500,288.0429688789401,2024-04-29T14-13-07_FLAG_P_FID_1500_OID_7g2_mbk-14-11-vehicle-snapshot_1714374601_1714374787_1500.jpg,615,mbk-14-11_1714374601.mp4,0.7763211727142334,premium,,333915,1299,0.997143566608429,mbk-14-11-vehicle-snapshot_1714374601.mp4,0.9607068841928844,333915,van,0.5367887307517373,mbk-14-11-vehicle-snapshot,2212,yellow,mbk-14-11-vehicle-snapshot_1714374601.mp4,0.9649339318275452,,1755.5,307.5,1714374787,1714374824,[],0,[],0
37.46900010108948,0.0,0,True,2024-04-29 07:14:22.532,0.0,2024-04-29 07:10:01,toyota,2100,0.0,2024-04-29T14-14-22_FLAG_P_FID_2100_OID_7g3_mbk-14-11-vehicle-snapshot_1714374601_1714374862_2100.jpg,611,mbk-14-11_1714374601.mp4,0.6894907355308533,premium,,339915,1296,0.9948156476020812,mbk-14-11-vehicle-snapshot_1714374601.mp4,0.9654538107537484,339915,van,0.4682086423989929,mbk-14-11-vehicle-snapshot,2212,yellow,mbk-14-11-vehicle-snapshot_1714374601.mp4,0.9400755167007446,,1754.0,305.5,1714374862,1714374899,[],0,[],0
2.3580000400543213,0.0,0,True,2024-04-29 07:15:01.000,0.0,2024-04-29 07:15:01,toyota,0,0.0,2024-04-29T14-15-01_FLAG_P_FID_0_OID_7g4_mbk-14-11-vehicle-snapshot_1714374901_1714374901_0.jpg,611,mbk-14-11_1714374901.mp4,0.5916311144828796,premium,,333915,1296,0.9966055154800416,mbk-14-11-vehicle-snapshot_1714374901.mp4,0.951071766969816,333915,van,0.4781801684201893,mbk-14-11-vehicle-snapshot,2212,yellow,mbk-14-11-vehicle-snapshot_1714374901.mp4,0.6894431710243225,,1754.0,305.5,1714374901,1714374903,[],0,[],0
37.47199988365173,1.1710611979167425,0,True,2024-04-29 07:16:15.106,180.0,2024-04-29 07:15:01,toyota,600,1.1710611979167425,2024-04-29T14-16-15_FLAG_P_FID_600_OID_7g5_mbk-14-11-vehicle-snapshot_1714374901_1714374975_600.jpg,611,mbk-14-11_1714374901.mp4,0.4388446807861328,premium,,339915,1294,0.9940932393074036,mbk-14-11-vehicle-snapshot_1714374901.mp4,0.9956524487327966,339915,van,0.4576728746449734,mbk-14-11-vehicle-snapshot,2212,yellow,mbk-14-11-vehicle-snapshot_1714374901.mp4,0.9330203533172609,th-10,1753.0,305.5,1714374975,1714375012,[68],3,[],0
37.47000002861023,0.0,0,True,2024-04-29 07:17:30.083,0.0,2024-04-29 07:15:01,toyota,1200,0.0,2024-04-29T14-17-30_FLAG_P_FID_1200_OID_7g6_mbk-14-11-vehicle-snapshot_1714374901_1714375050_1200.jpg,611,mbk-14-11_1714374901.mp4,0.6138671040534973,premium,,339915,1296,0.992355227470398,mbk-14-11-vehicle-snapshot_1714374901.mp4,0.9885081567333612,339915,van,0.455008404543253,mbk-14-11-vehicle-snapshot,2212,yellow,mbk-14-11-vehicle-snapshot_1714374901.mp4,0.8801487684249878,th-10,1754.0,305.5,1714375050,1714375087,[],0,[],0
37.47000002861023,0.0,0,True,2024-04-29 07:18:45.062,0.0,2024-04-29 07:15:01,toyota,1800,0.0,2024-04-29T14-18-45_FLAG_P_FID_1800_OID_7g7_mbk-14-11-vehicle-snapshot_1714374901_1714375125_1800.jpg,611,mbk-14-11_1714374901.mp4,0.4140441119670868,premium,,339915,1296,0.9977413415908812,mbk-14-11-vehicle-snapshot_1714374901.mp4,0.9745078776520364,339915,van,0.4657483839432432,mbk-14-11-vehicle-snapshot,2212,yellow,mbk-14-11-vehicle-snapshot_1714374901.mp4,0.966738224029541,,1754.0,305.5,1714375125,1714375162,[],0,[],0
35.58999991416931,1.6561306284627004,0,False,2024-04-29 07:19:58.161,224.9999999999986,2024-04-29 07:20:02,,2400,1.6561306284627004,,613,mbk-14-11_1714374901.mp4,,,,,1294,,mbk-14-11-vehicle-snapshot_1714374901.mp4,,,,,mbk-14-11-vehicle-snapshot,2212,,mbk-14-11-vehicle-snapshot_1714375202.mp4,,,1753.0,306.5,1714375198,1714375233,[],0,[],0
36.63599991798401,1.1710611979167425,0,False,2024-04-29 07:20:38.636,0.0,2024-04-29 07:20:02,,300,1.1710611979167425,,613,mbk-14-11_1714375202.mp4,,,,,1296,,mbk-14-11-vehicle-snapshot_1714375202.mp4,,,,,mbk-14-11-vehicle-snapshot,2212,,mbk-14-11-vehicle-snapshot_1714375202.mp4,,,1754.0,306.5,1714375238,1714375274,[],0,[],0
37.30999994277954,1.1710611979166856,0,False,2024-04-29 07:21:53.414,90.0,2024-04-29 07:20:02,,900,1.1710611979166856,,611,mbk-14-11_1714375202.mp4,,,,,1296,,mbk-14-11-vehicle-snapshot_1714375202.mp4,,,,,mbk-14-11-vehicle-snapshot,2212,,mbk-14-11-vehicle-snapshot_1714375202.mp4,,,1754.0,305.5,1714375313,1714375350,[],0,[],0
37.50999999046326,1.6561306284627004,0,False,2024-04-29 07:23:08.393,224.9999999999986,2024-04-29 07:20:02,,1500,1.6561306284627004,,613,mbk-14-11_1714375202.mp4,,,,,1294,,mbk-14-11-vehicle-snapshot_1714375202.mp4,,,,,mbk-14-11-vehicle-snapshot,2212,,mbk-14-11-vehicle-snapshot_1714375202.mp4,,,1753.0,306.5,1714375388,1714375425,[39],2,[],0
37.50999999046326,1.1710611979167425,0,False,2024-04-29 07:24:23.372,180.0,2024-04-29 07:20:02,,2100,1.1710611979167425,,611,mbk-14-11_1714375202.mp4,,,,,1294,,mbk-14-11-vehicle-snapshot_1714375202.mp4,,,,,mbk-14-11-vehicle-snapshot,2212,,mbk-14-11-vehicle-snapshot_1714375202.mp4,,,1753.0,305.5,1714375463,1714375500,[],0,[],0
1.2780001163482666,0.0,0,True,2024-04-29 07:25:01.000,0.0,2024-04-29 07:25:01,toyota,0,0.0,2024-04-29T14-25-01_FLAG_P_FID_0_OID_7g13_mbk-14-11-vehicle-snapshot_1714375501_1714375501_0.jpg,611,mbk-14-11_1714375501.mp4,0.9734243750572203,premium,,333915,1296,0.996613085269928,mbk-14-11-vehicle-snapshot_1714375501.mp4,0.978954883289119,333915,van,0.4365711792656048,mbk-14-11-vehicle-snapshot,2212,yellow,mbk-14-11-vehicle-snapshot_1714375501.mp4,0.8571549654006958,,1754.0,305.5,1714375501,1714375502,[],0,[],0
37.46900010108948,0.0,0,True,2024-04-29 07:26:15.104,0.0,2024-04-29 07:25:01,toyota,600,0.0,2024-04-29T14-26-15_FLAG_P_FID_600_OID_7g14_mbk-14-11-vehicle-snapshot_1714375501_1714375575_600.jpg,611,mbk-14-11_1714375501.mp4,0.7762250304222107,premium,,339915,1294,0.9981483221054076,mbk-14-11-vehicle-snapshot_1714375501.mp4,0.998660390236685,339915,van,0.481530925680156,mbk-14-11-vehicle-snapshot,2212,yellow,mbk-14-11-vehicle-snapshot_1714375501.mp4,0.9326301217079164,th-10,1753.0,305.5,1714375575,1714375612,[],0,[],0
37.4689998626709,1.171061197916515,0,True,2024-04-29 07:27:30.083,180.0,2024-04-29 07:25:01,toyota,1200,1.171061197916515,2024-04-29T14-27-30_FLAG_P_FID_1200_OID_7g15_mbk-14-11-vehicle-snapshot_1714375501_1714375650_1200.jpg,611,mbk-14-11_1714375501.mp4,0.478281170129776,premium,,333915,1294,0.998879373073578,mbk-14-11-vehicle-snapshot_1714375501.mp4,0.9572017816745568,333915,van,0.4801784167449328,mbk-14-11-vehicle-snapshot,2210,yellow,mbk-14-11-vehicle-snapshot_1714375501.mp4,0.870101273059845,th-10,1752.0,305.5,1714375650,1714375687,[40],2,[],0
37.46900010108948,0.0,0,True,2024-04-29 07:28:45.062,0.0,2024-04-29 07:25:01,toyota,1800,0.0,2024-04-29T14-28-45_FLAG_P_FID_1800_OID_7g16_mbk-14-11-vehicle-snapshot_1714375501_1714375725_1800.jpg,611,mbk-14-11_1714375501.mp4,0.5541633367538452,premium,,339915,1294,0.9981573224067688,mbk-14-11-vehicle-snapshot_1714375501.mp4,0.9918728817245256,339915,van,0.4571937634365848,mbk-14-11-vehicle-snapshot,2212,yellow,mbk-14-11-vehicle-snapshot_1714375501.mp4,0.9151437878608704,th-10,1753.0,305.5,1714375725,1714375762,[],0,[],0
36.62999987602234,23.421223958333258,0,True,2024-04-29 07:29:59.202,0.0,2024-04-29 07:30:01,toyota,2400,23.421223958333258,2024-04-29T14-29-59_FLAG_P_FID_2400_OID_7g17_mbk-14-11-vehicle-snapshot_1714375501_1714375799_2400.jpg,611,mbk-14-11_1714375501.mp4,0.7610746622085571,premium,,339915,1294,0.9989641904830932,mbk-14-11-vehicle-snapshot_1714375501.mp4,0.99848723768911,339915,van,0.4710105853412283,mbk-14-11-vehicle-snapshot,2261,yellow,mbk-14-11-vehicle-snapshot_1714375801.mp4,0.6185117959976196,th-10,1777.5,305.5,1714375799,1714375835,[],0,[],0
36.63499999046326,16.394856770833258,0,True,2024-04-29 07:30:37.635,180.0,2024-04-29 07:30:01,toyota,300,16.394856770833258,2024-04-29T14-30-37_FLAG_P_FID_300_OID_7g18_mbk-14-11-vehicle-snapshot_1714375801_1714375837_300.jpg,611,mbk-14-11_1714375801.mp4,0.7325171828269958,economy,,339915,1294,0.9945683479309082,mbk-14-11-vehicle-snapshot_1714375801.mp4,0.9920621158501371,339915,pickup,0.4353501161444725,mbk-14-11-vehicle-snapshot,2214,yellow,mbk-14-11-vehicle-snapshot_1714375801.mp4,0.5073788166046143,th-10,1754.0,305.5,1714375837,1714375873,[],0,[],0
37.42899990081787,1.1710611979167425,0,True,2024-04-29 07:31:52.534,180.0,2024-04-29 07:30:01,toyota,900,1.1710611979167425,2024-04-29T14-31-52_FLAG_P_FID_900_OID_7g19_mbk-14-11-vehicle-snapshot_1714375801_1714375912_900.jpg,611,mbk-14-11_1714375801.mp4,0.7633241415023804,economy,,339915,1294,0.9904797673225404,mbk-14-11-vehicle-snapshot_1714375801.mp4,0.9991206886220632,339915,pickup,0.4533805053193976,mbk-14-11-vehicle-snapshot,2214,yellow,mbk-14-11-vehicle-snapshot_1714375801.mp4,0.8442795276641846,th-10,1754.0,305.5,1714375912,1714375949,[],0,[],0
37.509000062942505,0.0,0,True,2024-04-29 07:33:07.513,0.0,2024-04-29 07:30:01,toyota,1500,0.0,2024-04-29T14-33-07_FLAG_P_FID_1500_OID_7g20_mbk-14-11-vehicle-snapshot_1714375801_1714375987_1500.jpg,611,mbk-14-11_1714375801.mp4,0.6301903128623962,premium,,339915,1294,0.9910669922828674,mbk-14-11-vehicle-snapshot_1714375801.mp4,0.9672000588835914,339915,van,0.4690328805630736,mbk-14-11-vehicle-snapshot,2212,yellow,mbk-14-11-vehicle-snapshot_1714375801.mp4,0.7975412011146545,th-10,1753.0,305.5,1714375987,1714376024,[],0,[],0
37.509000062942505,0.0,0,True,2024-04-29 07:34:22.492,0.0,2024-04-29 07:30:01,toyota,2100,0.0,2024-04-29T14-34-22_FLAG_P_FID_2100_OID_7g21_mbk-14-11-vehicle-snapshot_1714375801_1714376062_2100.jpg,611,mbk-14-11_1714375801.mp4,0.8823357820510864,premium,,339915,1294,0.9940140843391418,mbk-14-11-vehicle-snapshot_1714375801.mp4,0.9664600473356184,339915,van,0.4440223641833449,mbk-14-11-vehicle-snapshot,2212,yellow,mbk-14-11-vehicle-snapshot_1714375801.mp4,0.9332621097564696,th-10,1753.0,305.5,1714376062,1714376099,[],0,[34],7
2.7980000972747803,2.342122395833257,0,True,2024-04-29 07:35:01.000,0.0,2024-04-29 07:40:01,toyota,0,2.342122395833257,2024-04-29T14-35-01_FLAG_P_FID_0_OID_7g22_mbk-14-11-vehicle-snapshot_1714376101_1714376101_0.jpg,615,mbk-14-11_1714376101.mp4,0.9668450951576232,premium,,333915,1294,0.9833860993385316,mbk-14-11-vehicle-snapshot_1714376101.mp4,0.9871193263019108,333915,suv,0.4381860741902248,mbk-14-11-vehicle-snapshot,2222,yellow,mbk-14-11-vehicle-snapshot_1714376401.mp4,0.4946885108947754,,1758.0,307.5,1714376101,1714376103,[],0,[],0
36.63499999046326,1.1710611979167425,0,True,2024-04-29 07:40:37.635,180.0,2024-04-29 07:40:01,toyota,300,1.1710611979167425,2024-04-29T14-40-37_FLAG_P_FID_300_OID_7g23_mbk-14-11-vehicle-snapshot_1714376401_1714376437_300.jpg,421,mbk-14-11_1714376401.mp4,0.9551550149917604,premium,,317134,1688,0.9994373917579652,mbk-14-11-vehicle-snapshot_1714376401.mp4,0.9862229899749,317134,van,0.3058282745074857,mbk-14-11-vehicle-snapshot,2296,yellow,mbk-14-11-vehicle-snapshot_1714376401.mp4,0.9783374667167664,th-10,1992.0,210.5,1714376437,1714376473,[],0,[],0
37.47000002861023,4.684244791666743,0,True,2024-04-29 07:41:52.374,180.0,2024-04-29 07:40:01,toyota,900,4.684244791666743,2024-04-29T14-41-52_FLAG_P_FID_900_OID_7g24_mbk-14-11-vehicle-snapshot_1714376401_1714376512_900.jpg,421,mbk-14-11_1714376401.mp4,0.9937766790390016,premium,,317134,1690,0.9985390901565552,mbk-14-11-vehicle-snapshot_1714376401.mp4,0.987820309178064,317134,van,0.3039638608247694,mbk-14-11-vehicle-snapshot,2296,yellow,mbk-14-11-vehicle-snapshot_1714376401.mp4,0.9752472639083862,th-10,1993.0,210.5,1714376512,1714376549,[],0,[],0
37.47000002861023,591.2595095887899,0,False,2024-04-29 07:43:07.353,356.5935562450053,2024-04-29 07:40:01,discard,1500,591.2595095887899,2024-04-29T14-43-07_FLAG_P_FID_1500_OID_9g0_mbk-14-11-vehicle-snapshot_1714376401_1714376587_1500.jpg,437,mbk-14-11_1714376401.mp4,,,,,662,0.9093552231788636,mbk-14-11-vehicle-snapshot_1714376401.mp4,,,truck,,mbk-14-11-vehicle-snapshot,2025,,mbk-14-11-vehicle-snapshot_1714376401.mp4,0.684626042842865,,1343.5,218.5,1714376587,1714376624,[111],2,"[59, 60]",7
74.97900009155273,130.03525975615233,0,True,2024-04-29 07:43:44.862,181.54815769897797,2024-04-29 07:40:01,toyota,1800,130.03525975615233,2024-04-29T14-43-44_FLAG_P_FID_1800_OID_7g25_mbk-14-11-vehicle-snapshot_1714376401_1714376624_1800.jpg,428,mbk-14-11_1714376401.mp4,0.9948903322219848,economy,,1มก3812,1577,0.9999622106552124,mbk-14-11-vehicle-snapshot_1714376401.mp4,0.9999101990214512,1มก3812,taxi,0.3879279275687818,mbk-14-11-vehicle-snapshot,2161,white,mbk-14-11-vehicle-snapshot_1714376401.mp4,0.999970555305481,th-10,1869.0,214.0,1714376624,1714376698,[],0,[],0
36.230000019073486,25.034429062284783,0,True,2024-04-29 07:44:58.602,100.78429786756226,2024-04-29 07:45:01,toyota,2400,25.034429062284783,2024-04-29T14-44-58_FLAG_P_FID_2400_OID_7g26_mbk-14-11-vehicle-snapshot_1714376401_1714376698_2400.jpg,379,mbk-14-11_1714376401.mp4,0.9998769760131836,premium,,1นก355,1512,0.9565982222557068,mbk-14-11-vehicle-snapshot_1714376401.mp4,0.9997136618784344,1นก355,van,0.7155783012442786,mbk-14-11-vehicle-snapshot,2217,white,mbk-14-11-vehicle-snapshot_1714376701.mp4,0.962049961090088,th-10,1864.5,189.5,1714376698,1714376734,[122],2,[],0
111.614000082016,34.041441776601964,0,True,2024-04-29 07:46:52.614,153.43494882292194,2024-04-29 07:45:01,discard,900,34.041441776601964,2024-04-29T14-46-52_FLAG_P_FID_900_OID_7g27_mbk-14-11-vehicle-snapshot_1714376701_1714376812_900.jpg,330,mbk-14-11_1714376701.mp4,0.6786670684814453,,,สก323,1657,0.927282691001892,mbk-14-11-vehicle-snapshot_1714376701.mp4,0.9985107562082745,ลก323,tuktuk,0.5151952411419876,mbk-14-11-vehicle-snapshot,2083,yellow,mbk-14-11-vehicle-snapshot_1714376701.mp4,1.0,,1870.0,165.0,1714376812,1714376923,[],0,[],0
149.9579999446869,174.7394405711197,0,True,2024-04-29 07:53:45.142,314.18542295024025,2024-04-29 07:50:01,toyota,1800,174.7394405711197,2024-04-29T14-53-45_FLAG_P_FID_1800_OID_9g0_mbk-14-11-vehicle-snapshot_1714377001_1714377225_1800.jpg,569,mbk-14-11_1714377001.mp4,0.9996180534362792,premium,,1นง400,1317,0.989047110080719,mbk-14-11-vehicle-snapshot_1714377001.mp4,0.9975675705550774,1นง400,van,0.7321242697369313,mbk-14-11-vehicle-snapshot,2205,white,mbk-14-11-vehicle-snapshot_1714377001.mp4,0.8379399180412292,th-10,1761.0,284.5,1714377225,1714377374,[],0,[],0
35.98900008201599,1.1710611979167425,0,True,2024-04-29 07:54:58.602,180.0,2024-04-29 07:55:01,toyota,2400,1.1710611979167425,2024-04-29T14-54-58_FLAG_P_FID_2400_OID_9g1_mbk-14-11-vehicle-snapshot_1714377001_1714377298_2400.jpg,569,mbk-14-11_1714377001.mp4,0.9799519181251526,premium,,1นง400,1317,0.9920010566711426,mbk-14-11-vehicle-snapshot_1714377001.mp4,0.99996910100131,1นง400,van,0.7211254826146565,mbk-14-11-vehicle-snapshot,2205,white,mbk-14-11-vehicle-snapshot_1714377301.mp4,0.8378829956054688,th-10,1761.0,284.5,1714377298,1714377333,[],0,[],0
36.71499991416931,0.0,0,True,2024-04-29 07:55:37.715,0.0,2024-04-29 07:55:01,toyota,300,0.0,2024-04-29T14-55-37_FLAG_P_FID_300_OID_9g2_mbk-14-11-vehicle-snapshot_1714377301_1714377337_300.jpg,569,mbk-14-11_1714377301.mp4,0.9979574680328368,premium,,1นง400,1317,0.985151469707489,mbk-14-11-vehicle-snapshot_1714377301.mp4,0.9999539506664882,1นง400,van,0.7283650411478981,mbk-14-11-vehicle-snapshot,2205,white,mbk-14-11-vehicle-snapshot_1714377301.mp4,0.7736137509346008,th-10,1761.0,284.5,1714377337,1714377373,[],0,[],0
37.47000002861023,1.65613062846266,0,True,2024-04-29 07:56:52.694,135.0000000000028,2024-04-29 07:55:01,toyota,900,1.65613062846266,2024-04-29T14-56-52_FLAG_P_FID_900_OID_9g3_mbk-14-11-vehicle-snapshot_1714377301_1714377412_900.jpg,566,mbk-14-11_1714377301.mp4,0.9997746348381042,premium,,1นง400,1315,0.997078776359558,mbk-14-11-vehicle-snapshot_1714377301.mp4,0.9998252736627548,1นง400,van,0.7389703382097953,mbk-14-11-vehicle-snapshot,2207,white,mbk-14-11-vehicle-snapshot_1714377301.mp4,0.7049416303634644,th-10,1761.0,283.0,1714377412,1714377449,[90],3,[],0
36.63499999046326,1.171061197916515,0,False,2024-04-29 08:00:36.635,180.0,2024-04-29 08:00:00,,300,1.171061197916515,,569,mbk-14-11_1714377600.mp4,,,,,1315,,mbk-14-11-vehicle-snapshot_1714377600.mp4,,,,,mbk-14-11-vehicle-snapshot,2210,,mbk-14-11-vehicle-snapshot_1714377600.mp4,,,1762.5,284.5,1714377636,1714377672,[],0,[30],2
37.50999999046326,0.0,0,False,2024-04-29 08:01:51.614,0.0,2024-04-29 08:00:00,,900,0.0,,569,mbk-14-11_1714377600.mp4,,,,,1315,,mbk-14-11-vehicle-snapshot_1714377600.mp4,,,,,mbk-14-11-vehicle-snapshot,2210,,mbk-14-11-vehicle-snapshot_1714377600.mp4,,,1762.5,284.5,1714377711,1714377748,[],0,[],0
37.50799989700317,2.342122395833257,0,False,2024-04-29 08:03:06.593,0.0,2024-04-29 08:00:00,,1500,2.342122395833257,,569,mbk-14-11_1714377600.mp4,,,,,1315,,mbk-14-11-vehicle-snapshot_1714377600.mp4,,,,,mbk-14-11-vehicle-snapshot,2214,,mbk-14-11-vehicle-snapshot_1714377600.mp4,,,1764.5,284.5,1714377786,1714377823,[],0,[],0
37.50999999046326,4.828409013072746,0,False,2024-04-29 08:04:21.572,104.03624346792746,2024-04-29 08:00:00,,2100,4.828409013072746,,559,mbk-14-11_1714377600.mp4,,,,,1313,,mbk-14-11-vehicle-snapshot_1714377600.mp4,,,,,mbk-14-11-vehicle-snapshot,2207,,mbk-14-11-vehicle-snapshot_1714377600.mp4,,,1760.0,279.5,1714377861,1714377898,[],0,[],0
3.838000059127808,1.171061197916515,0,True,2024-04-29 08:05:01.000,0.0,2024-04-29 08:10:01,toyota,0,1.171061197916515,2024-04-29T15-05-01_FLAG_P_FID_0_OID_1g4_mbk-14-11-vehicle-snapshot_1714377901_1714377901_0.jpg,569,mbk-14-11_1714377901.mp4,0.9998989105224608,premium,,1นง400,1315,0.9404523968696594,mbk-14-11-vehicle-snapshot_1714377901.mp4,0.9997034960886396,1นง400,van,0.7547134354116476,mbk-14-11-vehicle-snapshot,2205,white,mbk-14-11-vehicle-snapshot_1714378201.mp4,0.8352840542793274,th-10,1760.0,284.5,1714377901,1714377904,[],0,[],0
36.634000062942505,0.0,0,True,2024-04-29 08:10:37.634,0.0,2024-04-29 08:10:01,toyota,300,0.0,2024-04-29T15-10-37_FLAG_P_FID_300_OID_1g5_mbk-14-11-vehicle-snapshot_1714378201_1714378237_300.jpg,569,mbk-14-11_1714378201.mp4,0.999924898147583,premium,,1นง400,1315,0.9325183629989624,mbk-14-11-vehicle-snapshot_1714378201.mp4,0.9898531899108002,1นง400,van,0.7196251918491361,mbk-14-11-vehicle-snapshot,2207,white,mbk-14-11-vehicle-snapshot_1714378201.mp4,0.8477264642715454,th-10,1761.0,284.5,1714378237,1714378273,[],0,[],0
37.508999824523926,10.53955078125,0,True,2024-04-29 08:11:52.613,180.0,2024-04-29 08:10:01,toyota,900,10.53955078125,2024-04-29T15-11-52_FLAG_P_FID_900_OID_1g6_mbk-14-11-vehicle-snapshot_1714378201_1714378312_900.jpg,569,mbk-14-11_1714378201.mp4,0.9719918966293336,premium,,7ธ2711,1313,0.6010933518409729,mbk-14-11-vehicle-snapshot_1714378201.mp4,0.3146873437437552,7ธ2711,van,0.5786659732350005,mbk-14-11-vehicle-snapshot,2210,white,mbk-14-11-vehicle-snapshot_1714378201.mp4,0.9270583391189576,,1761.5,284.5,1714378312,1714378349,[],0,[],0
37.509000062942505,0.0,0,False,2024-04-29 08:13:07.592,0.0,2024-04-29 08:10:01,toyota,1500,0.0,2024-04-29T15-13-07_FLAG_P_FID_1500_OID_1g7_mbk-14-11-vehicle-snapshot_1714378201_1714378387_1500.jpg,569,mbk-14-11_1714378201.mp4,,premium,,,1315,0.7806629538536072,mbk-14-11-vehicle-snapshot_1714378201.mp4,,,van,,mbk-14-11-vehicle-snapshot,2207,,mbk-14-11-vehicle-snapshot_1714378201.mp4,0.9741864800453186,,1761.0,284.5,1714378387,1714378424,[],0,[],0
37.58899998664856,1.1710611979166856,0,False,2024-04-29 08:14:22.651,270.0,2024-04-29 08:10:01,toyota,2100,1.1710611979166856,2024-04-29T15-14-22_FLAG_P_FID_2100_OID_1g8_mbk-14-11-vehicle-snapshot_1714378201_1714378462_2100.jpg,571,mbk-14-11_1714378201.mp4,,premium,,,1313,0.8619996905326843,mbk-14-11-vehicle-snapshot_1714378201.mp4,,,van,,mbk-14-11-vehicle-snapshot,2207,,mbk-14-11-vehicle-snapshot_1714378201.mp4,0.9450348019599916,,1760.0,285.5,1714378462,1714378499,"[138, 139, 140]",6,[],0
2.236999988555908,1.1710611979167425,0,False,2024-04-29 08:15:01.000,180.0,2024-04-29 08:15:01,toyota,0,1.1710611979167425,2024-04-29T15-15-01_FLAG_P_FID_0_OID_1g9_mbk-14-11-vehicle-snapshot_1714378501_1714378501_0.jpg,571,mbk-14-11_1714378501.mp4,,economy,,,1315,0.8507901430130005,mbk-14-11-vehicle-snapshot_1714378501.mp4,,,pickup,,mbk-14-11-vehicle-snapshot,2212,,mbk-14-11-vehicle-snapshot_1714378501.mp4,0.5977901816368103,,1763.5,285.5,1714378501,1714378503,[],0,[47],2
36.634000062942505,43.34508658538395,0,True,2024-04-29 08:25:36.634,178.45184230102203,2024-04-29 08:25:00,toyota,300,43.34508658538395,2024-04-29T15-25-36_FLAG_P_FID_300_OID_2g0_mbk-14-11-vehicle-snapshot_1714379100_1714379136_300.jpg,494,mbk-14-11_1714379100.mp4,0.986943244934082,economy,,343774,1538,0.9965842962265016,mbk-14-11-vehicle-snapshot_1714379100.mp4,0.9999273968508398,343774,pickup,0.7012051328283682,mbk-14-11-vehicle-snapshot,2275,yellow,mbk-14-11-vehicle-snapshot_1714379100.mp4,0.992940068244934,th-10,1906.5,247.0,1714379136,1714379172,[134],3,[],0
37.508999824523926,8.197428385416742,0,True,2024-04-29 08:26:51.613,180.0,2024-04-29 08:25:00,toyota,900,8.197428385416742,2024-04-29T15-26-51_FLAG_P_FID_900_OID_2g1_mbk-14-11-vehicle-snapshot_1714379100_1714379211_900.jpg,494,mbk-14-11_1714379100.mp4,0.9780580401420592,economy,,343774,1538,0.9973093271255492,mbk-14-11-vehicle-snapshot_1714379100.mp4,0.9997301826330196,343774,pickup,0.7435637564969785,mbk-14-11-vehicle-snapshot,2273,yellow,mbk-14-11-vehicle-snapshot_1714379100.mp4,0.9966629147529602,th-10,1905.5,247.0,1714379211,1714379248,[],0,[],0
37.509000062942505,0.0,0,True,2024-04-29 08:28:06.592,0.0,2024-04-29 08:25:00,toyota,1500,0.0,2024-04-29T15-28-06_FLAG_P_FID_1500_OID_2g2_mbk-14-11-vehicle-snapshot_1714379100_1714379286_1500.jpg,494,mbk-14-11_1714379100.mp4,0.8631496429443359,economy,,343774,1535,0.9819273352622986,mbk-14-11-vehicle-snapshot_1714379100.mp4,0.9966251234553682,343774,pickup,0.7212789910049336,mbk-14-11-vehicle-snapshot,2275,yellow,mbk-14-11-vehicle-snapshot_1714379100.mp4,0.9447354078292848,th-10,1905.0,247.0,1714379286,1714379323,[135],2,[49],2
37.509000062942505,0.0,0,True,2024-04-29 08:29:21.571,0.0,2024-04-29 08:25:00,toyota,2100,0.0,2024-04-29T15-29-21_FLAG_P_FID_2100_OID_2g3_mbk-14-11-vehicle-snapshot_1714379100_1714379361_2100.jpg,494,mbk-14-11_1714379100.mp4,0.8194883465766907,economy,,343774,1535,0.644045889377594,mbk-14-11-vehicle-snapshot_1714379100.mp4,0.9928087964073088,343774,pickup,0.7090660923787359,mbk-14-11-vehicle-snapshot,2273,yellow,mbk-14-11-vehicle-snapshot_1714379100.mp4,0.9922183752059937,th-10,1904.0,247.0,1714379361,1714379398,"[141, 142]",6,[],0
3.319000005722046,0.0,0,True,2024-04-29 08:30:01.000,0.0,2024-04-29 08:30:01,toyota,0,0.0,2024-04-29T15-30-01_FLAG_P_FID_0_OID_2g4_mbk-14-11-vehicle-snapshot_1714379401_1714379401_0.jpg,494,mbk-14-11_1714379401.mp4,0.9874881505966188,economy,,343774,1538,0.9966228008270264,mbk-14-11-vehicle-snapshot_1714379401.mp4,0.9994655891779632,343774,pickup,0.7223549390179537,mbk-14-11-vehicle-snapshot,2273,yellow,mbk-14-11-vehicle-snapshot_1714379401.mp4,0.9945677518844604,th-10,1905.5,247.0,1714379401,1714379404,[],0,[],0
37.54999995231629,1.1710611979166572,0,True,2024-04-29 08:31:15.184,270.0,2024-04-29 08:30:01,toyota,600,1.1710611979166572,2024-04-29T15-31-15_FLAG_P_FID_600_OID_2g5_mbk-14-11-vehicle-snapshot_1714379401_1714379475_600.jpg,494,mbk-14-11_1714379401.mp4,0.8863371014595032,economy,,343774,1535,0.9956175088882446,mbk-14-11-vehicle-snapshot_1714379401.mp4,0.997865996634946,343774,pickup,0.7165705669678601,mbk-14-11-vehicle-snapshot,2275,yellow,mbk-14-11-vehicle-snapshot_1714379401.mp4,0.9914234280586244,th-10,1905.0,247.0,1714379475,1714379512,[143],2,[],0
37.50999999046326,2.342122395833257,0,True,2024-04-29 08:32:30.163,180.0,2024-04-29 08:30:01,toyota,1200,2.342122395833257,2024-04-29T15-32-30_FLAG_P_FID_1200_OID_2g6_mbk-14-11-vehicle-snapshot_1714379401_1714379550_1200.jpg,494,mbk-14-11_1714379401.mp4,0.9848091006278992,economy,,343774,1535,0.990129053592682,mbk-14-11-vehicle-snapshot_1714379401.mp4,0.9999229168261828,343774,pickup,0.7275197662119769,mbk-14-11-vehicle-snapshot,2271,yellow,mbk-14-11-vehicle-snapshot_1714379401.mp4,0.9909421801567078,th-10,1903.0,247.0,1714379550,1714379587,[],0,[50],3
37.30999994277954,1.1710611979167425,0,True,2024-04-29 08:33:44.942,180.0,2024-04-29 08:30:01,toyota,1800,1.1710611979167425,2024-04-29T15-33-44_FLAG_P_FID_1800_OID_2g7_mbk-14-11-vehicle-snapshot_1714379401_1714379624_1800.jpg,496,mbk-14-11_1714379401.mp4,0.9482406377792358,economy,,343774,1535,0.9723494052886964,mbk-14-11-vehicle-snapshot_1714379401.mp4,0.9980757231865732,343774,pickup,0.73677458413398,mbk-14-11-vehicle-snapshot,2275,yellow,mbk-14-11-vehicle-snapshot_1714379401.mp4,0.9514555931091307,th-10,1905.0,248.0,1714379624,1714379661,[],0,[],0
35.75,3.51318359375,0,True,2024-04-29 08:34:58.161,0.0,2024-04-29 08:35:01,toyota,2400,3.51318359375,2024-04-29T15-34-58_FLAG_P_FID_2400_OID_2g8_mbk-14-11-vehicle-snapshot_1714379401_1714379698_2400.jpg,496,mbk-14-11_1714379401.mp4,0.8299846053123474,economy,,343774,1535,0.991456925868988,mbk-14-11-vehicle-snapshot_1714379401.mp4,0.9822806678775872,343774,pickup,0.6992969678383778,mbk-14-11-vehicle-snapshot,2278,yellow,mbk-14-11-vehicle-snapshot_1714379701.mp4,0.9963405728340148,,1906.5,248.0,1714379698,1714379733,[],0,[],0
1.838000059127808,0.0,0,True,2024-04-29 08:50:01.000,0.0,2024-04-29 08:55:01,nissan,0,0.0,2024-04-29T15-50-01_FLAG_P_FID_0_OID_3g0_mbk-14-11-vehicle-snapshot_1714380601_1714380601_0.jpg,405,mbk-14-11_1714380601.mp4,0.9957744479179382,,,344992,1673,0.928117573261261,mbk-14-11-vehicle-snapshot_1714380601.mp4,0.9988861444088236,344992,other,0.7232568547028871,mbk-14-11-vehicle-snapshot,2364,yellow,mbk-14-11-vehicle-snapshot_1714380901.mp4,0.5452039837837219,th-10,2018.5,202.5,1714380601,1714380602,[],0,[],0
36.63499999046326,1.1710611979167425,0,True,2024-04-29 08:55:37.635,180.0,2024-04-29 08:55:01,toyota,300,1.1710611979167425,2024-04-29T15-55-37_FLAG_P_FID_300_OID_3g1_mbk-14-11-vehicle-snapshot_1714380901_1714380937_300.jpg,512,mbk-14-11_1714380901.mp4,0.9990854263305664,premium,,1นง400,1306,0.992272138595581,mbk-14-11-vehicle-snapshot_1714380901.mp4,0.9999927922955796,1นง400,van,0.6910331946056057,mbk-14-11-vehicle-snapshot,2168,white,mbk-14-11-vehicle-snapshot_1714380901.mp4,0.8748471736907959,th-10,1737.0,256.0,1714380937,1714380973,[],0,[],0
37.50999999046326,0.0,0,True,2024-04-29 08:56:52.614,0.0,2024-04-29 08:55:01,toyota,900,0.0,2024-04-29T15-56-52_FLAG_P_FID_900_OID_3g2_mbk-14-11-vehicle-snapshot_1714380901_1714381012_900.jpg,512,mbk-14-11_1714380901.mp4,0.9999110698699952,economy,,1นง400,1308,0.9932035207748412,mbk-14-11-vehicle-snapshot_1714380901.mp4,0.9981414412913506,1นง400,pickup,0.6764712407940698,mbk-14-11-vehicle-snapshot,2165,white,mbk-14-11-vehicle-snapshot_1714380901.mp4,0.9910969734191896,th-10,1736.5,256.0,1714381012,1714381049,[],0,[],0
37.50999999046326,1.1710611979167425,0,True,2024-04-29 08:58:07.593,180.0,2024-04-29 08:55:01,toyota,1500,1.1710611979167425,2024-04-29T15-58-07_FLAG_P_FID_1500_OID_3g3_mbk-14-11-vehicle-snapshot_1714380901_1714381087_1500.jpg,512,mbk-14-11_1714380901.mp4,0.9998557567596436,premium,,นนง400,1306,0.9942046999931335,mbk-14-11-vehicle-snapshot_1714380901.mp4,0.980193290460368,นนง400,van,0.6896416095598664,mbk-14-11-vehicle-snapshot,2165,white,mbk-14-11-vehicle-snapshot_1714380901.mp4,0.683695912361145,th-10,1735.5,256.0,1714381087,1714381124,[69],2,[36],2
37.50999999046326,1.6561306284627004,0,True,2024-04-29 08:59:22.572,135.0000000000014,2024-04-29 08:55:01,toyota,2100,1.6561306284627004,2024-04-29T15-59-22_FLAG_P_FID_2100_OID_3g4_mbk-14-11-vehicle-snapshot_1714380901_1714381162_2100.jpg,512,mbk-14-11_1714380901.mp4,0.9998695850372314,economy,,1นง400,1308,0.9612459540367126,mbk-14-11-vehicle-snapshot_1714380901.mp4,0.999731568695982,1นง400,pickup,0.686775730002968,mbk-14-11-vehicle-snapshot,2165,white,mbk-14-11-vehicle-snapshot_1714380901.mp4,0.5792832970619202,th-10,1736.5,256.0,1714381162,1714381199,[],0,[],0
36.63499999046326,22.00224234551813,0,True,2024-04-29 09:00:37.635,205.201123645475,2024-04-29 09:00:01,toyota,300,22.00224234551813,2024-04-29T16-00-37_FLAG_P_FID_300_OID_1g0_mbk-14-11-vehicle-snapshot_1714381201_1714381237_300.jpg,531,mbk-14-11_1714381201.mp4,0.9998154044151306,premium,,1นง400,1273,0.9505292773246764,mbk-14-11-vehicle-snapshot_1714381201.mp4,0.9998970475011696,1นง400,van,0.6538674875672627,mbk-14-11-vehicle-snapshot,2163,white,mbk-14-11-vehicle-snapshot_1714381201.mp4,0.9506948590278624,th-10,1718.0,265.5,1714381237,1714381273,[],0,[53],5
2.3580000400543213,1.1710611979166288,468,False,2024-04-29 09:05:01.000,270.0,2024-04-29 09:05:01,discard,0,1.1710611979166288,2024-04-29T16-05-01_FLAG_P_FID_0_OID_7g0_mbk-14-11-vehicle-snapshot_1714381501_1714381501_0.jpg,719,mbk-14-11_1714381501.mp4,,,,,589,0.6668351292610168,mbk-14-11-vehicle-snapshot_1714381501.mp4,,,van,,mbk-14-11-vehicle-snapshot,830,,mbk-14-11-vehicle-snapshot_1714381501.mp4,0.3936203718185425,,709.5,593.5,1714381501,1714381503,[124],2,[54],5
74.77900004386902,293.5815622787643,58,True,2024-04-29 09:06:52.414,337.73174634535127,2024-04-29 09:10:01,discard,900,293.5815622787643,2024-04-29T16-06-52_FLAG_P_FID_900_OID_8g0_mbk-14-11-vehicle-snapshot_1714381501_1714381612_900.jpg,679,mbk-14-11_1714381501.mp4,0.6566048860549927,,,ณบ2076,320,0.9882580637931824,mbk-14-11-vehicle-snapshot_1714381501.mp4,0.5016569576823674,ณบ2076,suv,0.6343574288975359,mbk-14-11-vehicle-snapshot,1324,white,mbk-14-11-vehicle-snapshot_1714381801.mp4,0.8992036581039429,th-10,822.0,368.5,1714381612,1714381686,[125],2,[],0
450.1579999923706,157.85018808488735,0,True,2024-04-29 09:14:22.572,33.80795991004192,2024-04-29 09:10:01,toyota,2100,157.85018808488735,2024-04-29T16-14-22_FLAG_P_FID_2100_OID_11g0_mbk-14-11-vehicle-snapshot_1714381801_1714382062_2100.jpg,529,mbk-14-11_1714381801.mp4,0.9678317308425904,economy,,ฮย8524,1310,0.958914279937744,mbk-14-11-vehicle-snapshot_1714381801.mp4,0.9999690051250428,ธย8524,pickup,0.7359790860988736,mbk-14-11-vehicle-snapshot,2191,white,mbk-14-11-vehicle-snapshot_1714381801.mp4,0.4787785410881042,th-10,1750.5,264.5,1714382062,1714382512,[],0,[],0
36.10899996757507,1.1710611979166288,604,False,2024-04-29 09:14:58.681,180.0,2024-04-29 09:15:01,discard,2400,1.1710611979166288,2024-04-29T16-14-58_FLAG_P_FID_2400_OID_14g0_mbk-14-11-vehicle-snapshot_1714381801_1714382098_2400.jpg,847,mbk-14-11_1714381801.mp4,,,,,430,0.9960629343986512,mbk-14-11-vehicle-snapshot_1714381801.mp4,,,pickup,,mbk-14-11-vehicle-snapshot,627,,mbk-14-11-vehicle-snapshot_1714382101.mp4,0.8810830116271973,,528.5,725.5,1714382098,1714382134,[],0,[],0
2.319000005722046,1.1710611979167425,0,True,2024-04-29 09:15:01.000,180.0,2024-04-29 09:15:01,toyota,0,1.1710611979167425,2024-04-29T16-15-01_FLAG_P_FID_0_OID_11g1_mbk-14-11-vehicle-snapshot_1714382101_1714382101_0.jpg,526,mbk-14-11_1714382101.mp4,0.977462649345398,economy,,ฮย8524,1310,0.9610879421234132,mbk-14-11-vehicle-snapshot_1714382101.mp4,0.9999757354817198,ธย8524,pickup,0.7420361186342985,mbk-14-11-vehicle-snapshot,2191,white,mbk-14-11-vehicle-snapshot_1714382101.mp4,0.4617413282394409,th-10,1750.5,263.0,1714382101,1714382103,[],0,[],0
37.46900010108948,210.6120275058132,0,True,2024-04-29 09:16:15.104,204.99764733185947,2024-04-29 09:15:01,toyota,600,210.6120275058132,2024-04-29T16-16-15_FLAG_P_FID_600_OID_11g2_mbk-14-11-vehicle-snapshot_1714382101_1714382175_600.jpg,707,mbk-14-11_1714382101.mp4,0.9854423999786376,premium,,ฮย8524,1011,0.6216553449630737,mbk-14-11-vehicle-snapshot_1714382101.mp4,0.9999495172057616,ธย8524,van,0.7397432005300214,mbk-14-11-vehicle-snapshot,2111,white,mbk-14-11-vehicle-snapshot_1714382101.mp4,0.5815452337265015,th-10,1561.0,353.5,1714382175,1714382212,[],0,[79],3
74.10400009155273,1.6561306284625796,604,False,2024-04-29 09:16:15.104,135.0,2024-04-29 09:15:01,discard,600,1.6561306284625796,2024-04-29T16-16-15_FLAG_P_FID_600_OID_14g1_mbk-14-11-vehicle-snapshot_1714382101_1714382175_600.jpg,847,mbk-14-11_1714382101.mp4,,,,,430,0.99601811170578,mbk-14-11-vehicle-snapshot_1714382101.mp4,,,pickup,,mbk-14-11-vehicle-snapshot,627,,mbk-14-11-vehicle-snapshot_1714382101.mp4,0.8284363150596619,,528.5,725.5,1714382175,1714382249,[],0,[],0
37.47000002861023,0.0,604,False,2024-04-29 09:17:30.084,0.0,2024-04-29 09:15:01,discard,1200,0.0,2024-04-29T16-17-30_FLAG_P_FID_1200_OID_14g2_mbk-14-11-vehicle-snapshot_1714382101_1714382250_1200.jpg,850,mbk-14-11_1714382101.mp4,,,,,432,0.9948505759239196,mbk-14-11-vehicle-snapshot_1714382101.mp4,,,pickup,,mbk-14-11-vehicle-snapshot,627,,mbk-14-11-vehicle-snapshot_1714382101.mp4,0.8872542977333069,,529.5,727.0,1714382250,1714382287,[91],9,[],0
37.47000002861023,9.14628034149553,0,True,2024-04-29 09:17:30.084,219.80557109226535,2024-04-29 09:15:01,toyota,1200,9.14628034149553,2024-04-29T16-17-30_FLAG_P_FID_1200_OID_11g3_mbk-14-11-vehicle-snapshot_1714382101_1714382250_1200.jpg,714,mbk-14-11_1714382101.mp4,0.7747223973274231,economy,,ฮย8524,1013,0.5012802481651306,mbk-14-11-vehicle-snapshot_1714382101.mp4,0.9992922633599868,ธย8524,pickup,0.706719005121702,mbk-14-11-vehicle-snapshot,2100,white,mbk-14-11-vehicle-snapshot_1714382101.mp4,0.5357024073600769,th-10,1556.5,357.0,1714382250,1714382287,[],0,"[97, 98]",6
37.509000062942505,0.0,604,False,2024-04-29 09:18:45.102,0.0,2024-04-29 09:15:01,discard,1800,0.0,2024-04-29T16-18-45_FLAG_P_FID_1800_OID_14g3_mbk-14-11-vehicle-snapshot_1714382101_1714382325_1800.jpg,847,mbk-14-11_1714382101.mp4,,,,,432,0.9946231842041016,mbk-14-11-vehicle-snapshot_1714382101.mp4,,,pickup,,mbk-14-11-vehicle-snapshot,627,,mbk-14-11-vehicle-snapshot_1714382101.mp4,0.901772439479828,,529.5,725.5,1714382325,1714382362,[],0,[],0
37.509000062942505,8.28065314231301,0,True,2024-04-29 09:18:45.102,188.13010235415587,2024-04-29 09:15:01,toyota,1800,8.28065314231301,2024-04-29T16-18-45_FLAG_P_FID_1800_OID_11g4_mbk-14-11-vehicle-snapshot_1714382101_1714382325_1800.jpg,716,mbk-14-11_1714382101.mp4,0.4975963234901428,premium,,ฮย8524,997,0.8857932090759277,mbk-14-11-vehicle-snapshot_1714382101.mp4,0.9955850555863498,ธย8524,van,0.7020058978934298,mbk-14-11-vehicle-snapshot,2107,white,mbk-14-11-vehicle-snapshot_1714382101.mp4,0.9460062384605408,th-10,1552.0,358.0,1714382325,1714382362,[],0,[87],2
36.634000062942505,1.1710611979167425,0,True,2024-04-29 09:40:37.634,0.0,2024-04-29 09:40:01,toyota,300,1.1710611979167425,2024-04-29T16-40-37_FLAG_P_FID_300_OID_31g0_mbk-14-11-vehicle-snapshot_1714383601_1714383637_300.jpg,482,mbk-14-11_1714383601.mp4,0.9780369400978088,premium,,319438,1531,0.9946700930595398,mbk-14-11-vehicle-snapshot_1714383601.mp4,0.9999622513771949,319438,suv,0.649780093110351,mbk-14-11-vehicle-snapshot,2273,yellow,mbk-14-11-vehicle-snapshot_1714383601.mp4,0.8654230833053589,th-10,1902.0,241.0,1714383637,1714383673,[94],2,[],0
37.508999824523926,1.6561306284627004,0,False,2024-04-29 09:41:52.613,224.9999999999986,2024-04-29 09:40:01,discard,900,1.6561306284627004,2024-04-29T16-41-52_FLAG_P_FID_900_OID_31g1_mbk-14-11-vehicle-snapshot_1714383601_1714383712_900.jpg,484,mbk-14-11_1714383601.mp4,,,,,1531,0.8386877775192261,mbk-14-11-vehicle-snapshot_1714383601.mp4,,,suv,,mbk-14-11-vehicle-snapshot,2273,,mbk-14-11-vehicle-snapshot_1714383601.mp4,0.675346851348877,,1902.0,242.0,1714383712,1714383749,[],0,[],0
37.509000062942505,2.342122395833343,0,True,2024-04-29 09:43:07.592,90.0,2024-04-29 09:40:01,toyota,1500,2.342122395833343,2024-04-29T16-43-07_FLAG_P_FID_1500_OID_31g2_mbk-14-11-vehicle-snapshot_1714383601_1714383787_1500.jpg,482,mbk-14-11_1714383601.mp4,0.9959270358085632,premium,,319438,1528,0.9913232326507568,mbk-14-11-vehicle-snapshot_1714383601.mp4,0.9998561951326888,319438,suv,0.62391671905807,mbk-14-11-vehicle-snapshot,2273,yellow,mbk-14-11-vehicle-snapshot_1714383601.mp4,0.7822456955909729,th-10,1900.5,241.0,1714383787,1714383824,[95],3,[55],2
37.509000062942505,0.0,0,True,2024-04-29 09:46:53.614,0.0,2024-04-29 09:45:02,toyota,900,0.0,2024-04-29T16-46-53_FLAG_P_FID_900_OID_31g0_mbk-14-11-vehicle-snapshot_1714383902_1714384013_900.jpg,517,mbk-14-11_1714383902.mp4,0.999974250793457,economy,,1นจ6479,1517,0.935976505279541,mbk-14-11-vehicle-snapshot_1714383902.mp4,0.99999912721473,1นจ6479,pickup,0.7183349973527057,mbk-14-11-vehicle-snapshot,2259,white,mbk-14-11-vehicle-snapshot_1714383902.mp4,0.9091118574142456,th-10,1888.0,258.5,1714384013,1714384050,[],0,[],0
37.508999824523926,1.1710611979167425,0,True,2024-04-29 09:48:08.593,0.0,2024-04-29 09:45:02,toyota,1500,1.1710611979167425,2024-04-29T16-48-08_FLAG_P_FID_1500_OID_31g1_mbk-14-11-vehicle-snapshot_1714383902_1714384088_1500.jpg,517,mbk-14-11_1714383902.mp4,0.9999815225601196,economy,,1นจ6479,1519,0.992823839187622,mbk-14-11-vehicle-snapshot_1714383902.mp4,0.9999993230609412,1นจ6479,pickup,0.7236513932837709,mbk-14-11-vehicle-snapshot,2259,white,mbk-14-11-vehicle-snapshot_1714383902.mp4,0.8264331221580505,th-10,1889.0,258.5,1714384088,1714384125,[],0,[],0
37.509000062942505,4.828409013072746,0,True,2024-04-29 09:49:23.572,255.96375653207247,2024-04-29 09:45:02,toyota,2100,4.828409013072746,2024-04-29T16-49-23_FLAG_P_FID_2100_OID_31g2_mbk-14-11-vehicle-snapshot_1714383902_1714384163_2100.jpg,526,mbk-14-11_1714383902.mp4,0.9994420409202576,economy,,1นจ6479,1517,0.931559443473816,mbk-14-11-vehicle-snapshot_1714383902.mp4,0.9999907228902633,1นจ6479,pickup,0.7222876432594528,mbk-14-11-vehicle-snapshot,2259,white,mbk-14-11-vehicle-snapshot_1714383902.mp4,0.9498437643051147,th-10,1888.0,263.0,1714384163,1714384200,[],0,[],0
1.7179999351501465,2.342122395833257,0,True,2024-04-29 09:50:01.000,180.0,2024-04-29 09:55:01,toyota,0,2.342122395833257,2024-04-29T16-50-01_FLAG_P_FID_0_OID_31g3_mbk-14-11-vehicle-snapshot_1714384201_1714384201_0.jpg,519,mbk-14-11_1714384201.mp4,0.9999674558639526,premium,,1นจ6479,1514,0.7585793137550354,mbk-14-11-vehicle-snapshot_1714384201.mp4,0.9999988121638048,1นจ6479,van,0.7112819018946744,mbk-14-11-vehicle-snapshot,2254,white,mbk-14-11-vehicle-snapshot_1714384501.mp4,0.5252336859703064,th-10,1884.0,259.5,1714384201,1714384202,[],0,[56],3
37.46900010108948,1.65613062846266,620,False,2024-04-29 10:16:15.104,134.9999999999972,2024-04-29 10:15:01,discard,600,1.65613062846266,2024-04-29T17-16-15_FLAG_P_FID_600_OID_7g0_mbk-14-11-vehicle-snapshot_1714385701_1714385775_600.jpg,918,mbk-14-11_1714385701.mp4,,,,,507,0.9678387641906738,mbk-14-11-vehicle-snapshot_1714385701.mp4,,,motorbike,,mbk-14-11-vehicle-snapshot,746,,mbk-14-11-vehicle-snapshot_1714385701.mp4,0.9973885416984558,,626.5,769.0,1714385775,1714385812,[97],5,[89],2
37.4689998626709,0.0,620,False,2024-04-29 10:17:30.083,0.0,2024-04-29 10:15:01,discard,1200,0.0,2024-04-29T17-17-30_FLAG_P_FID_1200_OID_7g1_mbk-14-11-vehicle-snapshot_1714385701_1714385850_1200.jpg,918,mbk-14-11_1714385701.mp4,,,,,507,0.9673084020614624,mbk-14-11-vehicle-snapshot_1714385701.mp4,,,motorbike,,mbk-14-11-vehicle-snapshot,746,,mbk-14-11-vehicle-snapshot_1714385701.mp4,0.997992992401123,,626.5,769.0,1714385850,1714385887,[],0,[],0
37.46900010108948,7.406441329723795,0,True,2024-04-29 10:18:45.062,198.43494882292208,2024-04-29 10:15:01,toyota,1800,7.406441329723795,2024-04-29T17-18-45_FLAG_P_FID_1800_OID_11g0_mbk-14-11-vehicle-snapshot_1714385701_1714385925_1800.jpg,306,mbk-14-11_1714385701.mp4,0.8966390490531921,,,339050,1568,0.6032964587211609,mbk-14-11-vehicle-snapshot_1714385701.mp4,0.99997206782815,339050,bus,0.8182160630716275,mbk-14-11-vehicle-snapshot,2357,yellow,mbk-14-11-vehicle-snapshot_1714385701.mp4,0.2840598821640014,th-10,1962.5,153.0,1714385925,1714385962,[],0,[],0
412.489000082016,436.9298224068299,0,False,2024-04-29 10:19:22.572,295.054002138399,2024-04-29 10:15:01,bike,2100,529.3165491590605,2024-04-29T17-19-22_FLAG_P_FID_2100_OID_8g0_mbk-14-11-vehicle-snapshot_1714385701_1714385962_2100.jpg,1311,mbk-14-11_1714385701.mp4,,,,,432,0.9995385408401488,mbk-14-11-vehicle-snapshot_1714385701.mp4,,,motorbike,,mbk-14-11-vehicle-snapshot,1158,,mbk-14-11-vehicle-snapshot_1714385701.mp4,0.6446636915206909,,795.0,655.5,1714385962,1714386374,"[126, 130, 131, 132]",36,[90],4
35.58999991416931,23.45048221328657,0,True,2024-04-29 10:19:58.162,177.13759477388825,2024-04-29 10:20:01,toyota,2400,23.45048221328657,2024-04-29T17-19-58_FLAG_P_FID_2400_OID_11g1_mbk-14-11-vehicle-snapshot_1714385701_1714385998_2400.jpg,306,mbk-14-11_1714385701.mp4,0.5571731925010681,,,339050,1570,0.9917834997177124,mbk-14-11-vehicle-snapshot_1714385701.mp4,0.999569082954244,339050,bus,0.8373347066571013,mbk-14-11-vehicle-snapshot,2311,yellow,mbk-14-11-vehicle-snapshot_1714386001.mp4,0.4374140799045563,th-10,1940.5,153.0,1714385998,1714386033,[133],2,[],0
36.63499999046326,17.913791699365277,0,True,2024-04-29 10:20:37.635,11.309932474020211,2024-04-29 10:20:01,toyota,300,17.913791699365277,2024-04-29T17-20-37_FLAG_P_FID_300_OID_11g2_mbk-14-11-vehicle-snapshot_1714386001_1714386037_300.jpg,306,mbk-14-11_1714386001.mp4,0.8733087182044983,,,339050,1570,0.8833234310150146,mbk-14-11-vehicle-snapshot_1714386001.mp4,0.9999919300329868,339050,bus,0.8419259230772408,mbk-14-11-vehicle-snapshot,2350,yellow,mbk-14-11-vehicle-snapshot_1714386001.mp4,0.2694094777107239,th-10,1960.0,153.0,1714386037,1714386073,[],0,[91],3
37.50999999046326,81.48768570959702,0,True,2024-04-29 10:21:52.614,7.431407971172507,2024-04-29 10:20:01,toyota,900,81.48768570959702,2024-04-29T17-21-52_FLAG_P_FID_900_OID_11g3_mbk-14-11-vehicle-snapshot_1714386001_1714386112_900.jpg,285,mbk-14-11_1714386001.mp4,0.4022814631462097,,,339050,1570,0.8342507481575012,mbk-14-11-vehicle-snapshot_1714386001.mp4,0.999484648384391,339050,other,0.8518070447175026,mbk-14-11-vehicle-snapshot,2364,yellow,mbk-14-11-vehicle-snapshot_1714386001.mp4,0.592886209487915,th-10,1967.0,142.5,1714386112,1714386149,[],0,[],0
37.50999999046326,20.045338821655008,0,True,2024-04-29 10:23:07.593,6.709836807756829,2024-04-29 10:20:01,toyota,1500,20.045338821655008,2024-04-29T17-23-07_FLAG_P_FID_1500_OID_11g4_mbk-14-11-vehicle-snapshot_1714386001_1714386187_1500.jpg,304,mbk-14-11_1714386001.mp4,0.8836312294006348,,,339050,1568,0.9315944910049438,mbk-14-11-vehicle-snapshot_1714386001.mp4,0.9998363410603166,339050,other,0.7564235794204723,mbk-14-11-vehicle-snapshot,2364,yellow,mbk-14-11-vehicle-snapshot_1714386001.mp4,0.7867200374603271,th-10,1966.0,152.0,1714386187,1714386224,"[98, 99, 114, 115]",10,[],0
37.50999999046326,5.237144888707872,0,True,2024-04-29 10:33:07.593,206.5650511770788,2024-04-29 10:30:01,toyota,1500,5.237144888707872,2024-04-29T17-33-07_FLAG_P_FID_1500_OID_18g0_mbk-14-11-vehicle-snapshot_1714386601_1714386787_1500.jpg,278,mbk-14-11_1714386601.mp4,0.9996275901794434,economy,,3ฎ1111,1423,0.9965856075286864,mbk-14-11-vehicle-snapshot_1714386601.mp4,0.9169882578717692,3ฎ1111,taxi,0.5264170205574112,mbk-14-11-vehicle-snapshot,2081,yellow,mbk-14-11-vehicle-snapshot_1714386601.mp4,0.9897915124893188,th-10,1752.0,139.0,1714386787,1714386824,[6],5,[81],3
37.50999999046326,2.342122395833257,0,True,2024-04-29 10:34:22.572,180.0,2024-04-29 10:30:01,toyota,2100,2.342122395833257,2024-04-29T17-34-22_FLAG_P_FID_2100_OID_18g1_mbk-14-11-vehicle-snapshot_1714386601_1714386862_2100.jpg,274,mbk-14-11_1714386601.mp4,0.9960423707962036,economy,,มฎ111,1423,0.9956220984458924,mbk-14-11-vehicle-snapshot_1714386601.mp4,0.8805804094396924,มฎ111,taxi,0.5697080659441881,mbk-14-11-vehicle-snapshot,2088,yellow,mbk-14-11-vehicle-snapshot_1714386601.mp4,0.995650827884674,th-10,1755.5,137.0,1714386862,1714386899,[],0,[],0
2.318000078201294,7.123287175373651,0,True,2024-04-29 10:35:01.000,9.462322208025768,2024-04-29 10:35:01,toyota,0,7.123287175373651,2024-04-29T17-35-01_FLAG_P_FID_0_OID_18g2_mbk-14-11-vehicle-snapshot_1714386901_1714386901_0.jpg,274,mbk-14-11_1714386901.mp4,0.99819678068161,economy,,มฎ111,1423,0.9961528182029724,mbk-14-11-vehicle-snapshot_1714386901.mp4,0.9824667916496476,มฎ111,taxi,0.5194233602005378,mbk-14-11-vehicle-snapshot,2095,yellow,mbk-14-11-vehicle-snapshot_1714386901.mp4,0.9860246777534484,th-10,1759.0,137.0,1714386901,1714386903,[],0,[],0
36.634000062942505,1.1710611979166288,395,False,2024-04-29 10:40:37.634,180.0,2024-04-29 10:40:01,discard,300,1.1710611979166288,2024-04-29T17-40-37_FLAG_P_FID_300_OID_19g0_mbk-14-11-vehicle-snapshot_1714387201_1714387237_300.jpg,641,mbk-14-11_1714387201.mp4,,,,,809,0.9997379183769226,mbk-14-11-vehicle-snapshot_1714387201.mp4,,,truck,,mbk-14-11-vehicle-snapshot,1055,,mbk-14-11-vehicle-snapshot_1714387201.mp4,0.9944314360618592,,932.0,518.0,1714387237,1714387273,[-1],33,[],0
37.47000002861023,3.51318359375,508,False,2024-04-29 10:41:15.104,90.0,2024-04-29 10:40:01,discard,600,3.51318359375,2024-04-29T17-41-15_FLAG_P_FID_600_OID_20g0_mbk-14-11-vehicle-snapshot_1714387201_1714387275_600.jpg,798,mbk-14-11_1714387201.mp4,,,,,467,0.5570675134658813,mbk-14-11-vehicle-snapshot_1714387201.mp4,,,truck,,mbk-14-11-vehicle-snapshot,687,,mbk-14-11-vehicle-snapshot_1714387201.mp4,0.9827671051025392,,577.0,653.0,1714387275,1714387312,[],0,[],0
37.508999824523926,0.0,395,False,2024-04-29 10:41:52.613,0.0,2024-04-29 10:40:01,discard,900,0.0,2024-04-29T17-41-52_FLAG_P_FID_900_OID_19g1_mbk-14-11-vehicle-snapshot_1714387201_1714387312_900.jpg,641,mbk-14-11_1714387201.mp4,,,,,809,0.9992746710777284,mbk-14-11-vehicle-snapshot_1714387201.mp4,,,truck,,mbk-14-11-vehicle-snapshot,1053,,mbk-14-11-vehicle-snapshot_1714387201.mp4,0.9963617920875548,,931.0,518.0,1714387312,1714387349,[],0,[],0
74.97900009155273,0.0,395,False,2024-04-29 10:43:45.062,0.0,2024-04-29 10:40:01,discard,1800,0.0,2024-04-29T17-43-45_FLAG_P_FID_1800_OID_19g2_mbk-14-11-vehicle-snapshot_1714387201_1714387425_1800.jpg,644,mbk-14-11_1714387201.mp4,,,,,809,0.9996455907821656,mbk-14-11-vehicle-snapshot_1714387201.mp4,,,truck,,mbk-14-11-vehicle-snapshot,1055,,mbk-14-11-vehicle-snapshot_1714387201.mp4,0.9967633485794068,,932.0,519.5,1714387425,1714387499,[13],3,[37],3
337.9539999961853,55.52361634647015,100,False,2024-04-29 10:50:37.635,297.6459753637386,2024-04-29 10:50:01,discard,300,416.14082018245466,2024-04-29T17-50-37_FLAG_P_FID_300_OID_13g0_mbk-14-11-vehicle-snapshot_1714387801_1714387837_300.jpg,758,mbk-14-11_1714387801.mp4,,,,,266,0.9987825751304626,mbk-14-11-vehicle-snapshot_1714387801.mp4,,,sedan,,mbk-14-11-vehicle-snapshot,1125,,mbk-14-11-vehicle-snapshot_1714387801.mp4,0.3820566534996032,,695.5,429.0,1714387837,1714388174,[20],2,[38],2
37.509000062942505,2.618572444353968,84,False,2024-04-29 10:51:52.614,116.56505117707744,2024-04-29 10:50:01,discard,900,2.618572444353968,2024-04-29T17-51-52_FLAG_P_FID_900_OID_13g1_mbk-14-11-vehicle-snapshot_1714387801_1714387912_900.jpg,761,mbk-14-11_1714387801.mp4,,,,,264,0.9967183470726012,mbk-14-11-vehicle-snapshot_1714387801.mp4,,,bus,,mbk-14-11-vehicle-snapshot,1123,,mbk-14-11-vehicle-snapshot_1714387801.mp4,0.5054226517677307,,693.5,422.5,1714387912,1714387949,[],0,[],0
37.509000062942505,1.65613062846266,0,True,2024-04-29 10:51:52.614,224.9999999999972,2024-04-29 10:50:01,nissan,900,1.65613062846266,2024-04-29T17-51-52_FLAG_P_FID_900_OID_24g0_mbk-14-11-vehicle-snapshot_1714387801_1714387912_900.jpg,716,mbk-14-11_1714387801.mp4,0.9982070922851562,economy,,1นค8151,1240,0.7497828602790833,mbk-14-11-vehicle-snapshot_1714387801.mp4,0.9999851389466416,1นค8151,pickup,0.6804799052849352,mbk-14-11-vehicle-snapshot,2196,white,mbk-14-11-vehicle-snapshot_1714387801.mp4,0.9760658740997314,th-10,1718.0,358.0,1714387912,1714387949,[],0,[],0
37.508999824523926,1.1710611979167425,0,True,2024-04-29 10:53:07.593,0.0,2024-04-29 10:50:01,nissan,1500,1.1710611979167425,2024-04-29T17-53-07_FLAG_P_FID_1500_OID_24g1_mbk-14-11-vehicle-snapshot_1714387801_1714387987_1500.jpg,716,mbk-14-11_1714387801.mp4,0.9868324995040894,economy,,1นค8151,1238,0.9148101806640624,mbk-14-11-vehicle-snapshot_1714387801.mp4,0.9999407389127188,1นค8151,pickup,0.6779572124108324,mbk-14-11-vehicle-snapshot,2196,white,mbk-14-11-vehicle-snapshot_1714387801.mp4,0.9555338621139526,th-10,1717.0,358.0,1714387987,1714388024,[],0,[],0
37.509000062942505,15.268769956195625,0,True,2024-04-29 10:54:22.572,265.60129464500415,2024-04-29 10:50:01,nissan,2100,15.268769956195625,2024-04-29T17-54-22_FLAG_P_FID_2100_OID_24g2_mbk-14-11-vehicle-snapshot_1714387801_1714388062_2100.jpg,716,mbk-14-11_1714387801.mp4,0.8752028346061707,economy,,1นค8151,1240,0.7477728128433228,mbk-14-11-vehicle-snapshot_1714387801.mp4,0.9999752355879288,1นค8151,pickup,0.7025847172631439,mbk-14-11-vehicle-snapshot,2196,white,mbk-14-11-vehicle-snapshot_1714387801.mp4,0.9849340915679932,th-10,1718.0,358.0,1714388062,1714388099,[],0,[],0
3.838000059127808,0.0,0,True,2024-04-29 10:55:02.000,0.0,2024-04-29 10:55:02,nissan,0,0.0,2024-04-29T17-55-02_FLAG_P_FID_0_OID_24g3_mbk-14-11-vehicle-snapshot_1714388102_1714388102_0.jpg,716,mbk-14-11_1714388102.mp4,0.985101580619812,economy,,1นค8151,1238,0.8297857642173767,mbk-14-11-vehicle-snapshot_1714388102.mp4,0.999997871256461,1นค8151,pickup,0.6821836666529375,mbk-14-11-vehicle-snapshot,2193,white,mbk-14-11-vehicle-snapshot_1714388102.mp4,0.6437432765960693,th-10,1715.5,358.0,1714388102,1714388105,[],0,[],0
37.47000002861023,1.1710611979167425,0,True,2024-04-29 10:56:16.105,180.0,2024-04-29 10:55:02,nissan,600,1.1710611979167425,2024-04-29T17-56-16_FLAG_P_FID_600_OID_24g4_mbk-14-11-vehicle-snapshot_1714388102_1714388176_600.jpg,716,mbk-14-11_1714388102.mp4,0.8759289979934692,economy,,1นค8151,1240,0.8376079201698303,mbk-14-11-vehicle-snapshot_1714388102.mp4,0.9999892997447618,1นค8151,sedan,0.6859962590004899,mbk-14-11-vehicle-snapshot,2191,white,mbk-14-11-vehicle-snapshot_1714388102.mp4,0.3276354074478149,th-10,1715.5,358.0,1714388176,1714388213,[],0,[],0
37.4689998626709,1.171061197916515,0,True,2024-04-29 10:57:31.083,0.0,2024-04-29 10:55:02,nissan,1200,1.171061197916515,2024-04-29T17-57-31_FLAG_P_FID_1200_OID_24g5_mbk-14-11-vehicle-snapshot_1714388102_1714388251_1200.jpg,716,mbk-14-11_1714388102.mp4,0.992275893688202,economy,,1นค8151,1240,0.8933031558990479,mbk-14-11-vehicle-snapshot_1714388102.mp4,0.9999468251220364,1นค8151,pickup,0.691888213027807,mbk-14-11-vehicle-snapshot,2196,white,mbk-14-11-vehicle-snapshot_1714388102.mp4,0.9891194105148317,th-10,1718.0,358.0,1714388251,1714388288,[],0,[31],2
37.46900010108948,0.0,0,True,2024-04-29 10:58:46.062,0.0,2024-04-29 10:55:02,nissan,1800,0.0,2024-04-29T17-58-46_FLAG_P_FID_1800_OID_24g6_mbk-14-11-vehicle-snapshot_1714388102_1714388326_1800.jpg,716,mbk-14-11_1714388102.mp4,0.9314110279083252,economy,,1นค8151,1240,0.937492609024048,mbk-14-11-vehicle-snapshot_1714388102.mp4,0.9999844067087602,1นค8151,pickup,0.6992702780760731,mbk-14-11-vehicle-snapshot,2196,white,mbk-14-11-vehicle-snapshot_1714388102.mp4,0.8516623973846436,th-10,1718.0,358.0,1714388326,1714388363,[],0,[],0
36.63499999046326,2.618572444353917,0,True,2024-04-29 11:00:37.635,63.4349488229248,2024-04-29 11:00:01,nissan,300,2.618572444353917,2024-04-29T18-00-37_FLAG_P_FID_300_OID_1g0_mbk-14-11-vehicle-snapshot_1714388401_1714388437_300.jpg,714,mbk-14-11_1714388401.mp4,0.9949565529823304,premium,,1นค8151,1240,0.5134761929512024,mbk-14-11-vehicle-snapshot_1714388401.mp4,0.9999652517020629,1นค8151,van,0.6776765097574857,mbk-14-11-vehicle-snapshot,2196,white,mbk-14-11-vehicle-snapshot_1714388401.mp4,0.8702625632286072,th-10,1718.0,357.0,1714388437,1714388473,"[100, 101]",4,[],0
37.50999999046326,0.0,0,True,2024-04-29 11:01:52.614,0.0,2024-04-29 11:00:01,nissan,900,0.0,2024-04-29T18-01-52_FLAG_P_FID_900_OID_1g1_mbk-14-11-vehicle-snapshot_1714388401_1714388512_900.jpg,716,mbk-14-11_1714388401.mp4,0.9995108842849731,economy,,1นค8151,1240,0.7363136410713196,mbk-14-11-vehicle-snapshot_1714388401.mp4,0.9982121548883656,1นค8151,pickup,0.6811179777450482,mbk-14-11-vehicle-snapshot,2193,white,mbk-14-11-vehicle-snapshot_1714388401.mp4,0.9248846769332886,th-10,1716.5,358.0,1714388512,1714388549,[],0,[],0
37.54999995231629,1.171061197916515,0,True,2024-04-29 11:03:07.633,180.0,2024-04-29 11:00:01,nissan,1500,1.171061197916515,2024-04-29T18-03-07_FLAG_P_FID_1500_OID_1g2_mbk-14-11-vehicle-snapshot_1714388401_1714388587_1500.jpg,716,mbk-14-11_1714388401.mp4,0.9988560676574708,economy,,1นค8151,1240,0.8373281359672546,mbk-14-11-vehicle-snapshot_1714388401.mp4,0.999984216216361,1นค8151,pickup,0.6730785191350516,mbk-14-11-vehicle-snapshot,2193,white,mbk-14-11-vehicle-snapshot_1714388401.mp4,0.3791159093379974,th-10,1716.5,358.0,1714388587,1714388624,[28],4,[],0
37.50999999046326,0.0,0,True,2024-04-29 11:04:22.612,0.0,2024-04-29 11:00:01,nissan,2100,0.0,2024-04-29T18-04-22_FLAG_P_FID_2100_OID_1g3_mbk-14-11-vehicle-snapshot_1714388401_1714388662_2100.jpg,716,mbk-14-11_1714388401.mp4,0.9962003827095032,economy,,1นค8151,1240,0.9529447555541992,mbk-14-11-vehicle-snapshot_1714388401.mp4,0.9910261339368548,1นค8151,pickup,0.6815155082463339,mbk-14-11-vehicle-snapshot,2196,white,mbk-14-11-vehicle-snapshot_1714388401.mp4,0.5756807327270508,th-10,1718.0,358.0,1714388662,1714388699,[],0,[],0
1.7590000629425049,0.0,0,True,2024-04-29 11:05:01.000,0.0,2024-04-29 11:05:01,nissan,0,0.0,2024-04-29T18-05-01_FLAG_P_FID_0_OID_1g4_mbk-14-11-vehicle-snapshot_1714388701_1714388701_0.jpg,716,mbk-14-11_1714388701.mp4,0.9988985061645508,economy,,1นค8151,1243,0.9415154457092284,mbk-14-11-vehicle-snapshot_1714388701.mp4,0.99772807978986,1นค8151,pickup,0.6904223201865178,mbk-14-11-vehicle-snapshot,2214,white,mbk-14-11-vehicle-snapshot_1714388701.mp4,0.9805984497070312,th-10,1728.5,358.0,1714388701,1714388702,[],0,[],0
37.47000002861023,4.222321195794814,0,True,2024-04-29 11:06:15.105,33.69006752597958,2024-04-29 11:10:01,nissan,600,4.222321195794814,2024-04-29T18-06-15_FLAG_P_FID_600_OID_1g5_mbk-14-11-vehicle-snapshot_1714388701_1714388775_600.jpg,714,mbk-14-11_1714388701.mp4,0.8758828043937683,economy,,1นค8151,1240,0.5512948036193848,mbk-14-11-vehicle-snapshot_1714388701.mp4,0.9988202906852628,1นค8151,sedan,0.6920408631239473,mbk-14-11-vehicle-snapshot,2214,white,mbk-14-11-vehicle-snapshot_1714389001.mp4,0.8019880652427673,th-10,1727.0,357.0,1714388775,1714388812,[],0,[],0
36.473999977111816,7.0263671875,0,True,2024-04-29 11:10:37.474,180.0,2024-04-29 11:10:01,nissan,300,7.0263671875,2024-04-29T18-10-37_FLAG_P_FID_300_OID_1g6_mbk-14-11-vehicle-snapshot_1714389001_1714389037_300.jpg,716,mbk-14-11_1714389001.mp4,0.9746416211128236,economy,,1นค8151,1238,0.8993181586265564,mbk-14-11-vehicle-snapshot_1714389001.mp4,0.9999943671921284,1นค8151,pickup,0.7038743796258969,mbk-14-11-vehicle-snapshot,2193,white,mbk-14-11-vehicle-snapshot_1714389001.mp4,0.5305266976356506,th-10,1715.5,358.0,1714389037,1714389073,[74],2,[],0
36.473999977111816,4.828409013072802,255,True,2024-04-29 11:10:37.474,284.0362434679273,2024-04-29 11:10:01,discard,300,4.828409013072802,2024-04-29T18-10-37_FLAG_P_FID_300_OID_7g0_mbk-14-11-vehicle-snapshot_1714389001_1714389037_300.jpg,316,mbk-14-11_1714389001.mp4,0.9014854431152344,,,กก2531,1903,0.9998586177825928,mbk-14-11-vehicle-snapshot_1714389001.mp4,0.2847412103229675,กก2531,motorbike,0.4751757579201683,mbk-14-11-vehicle-snapshot,1971,white,mbk-14-11-vehicle-snapshot_1714389001.mp4,0.6568789482116699,,1937.0,285.5,1714389037,1714389073,[],0,[],0
37.509000062942505,2.6185724443539424,0,True,2024-04-29 11:11:52.453,206.56505117707908,2024-04-29 11:10:01,nissan,900,2.6185724443539424,2024-04-29T18-11-52_FLAG_P_FID_900_OID_1g7_mbk-14-11-vehicle-snapshot_1714389001_1714389112_900.jpg,719,mbk-14-11_1714389001.mp4,0.8933829069137573,economy,,1นค8151,1238,0.9382453560829164,mbk-14-11-vehicle-snapshot_1714389001.mp4,0.9999953932947128,1นค8151,pickup,0.7029973770510816,mbk-14-11-vehicle-snapshot,2193,white,mbk-14-11-vehicle-snapshot_1714389001.mp4,0.9265124797821044,th-10,1715.5,359.5,1714389112,1714389149,[75],4,[],0
37.42899990081787,1.6561306284625394,0,True,2024-04-29 11:13:07.352,225.00000000000415,2024-04-29 11:10:01,nissan,1500,1.6561306284625394,2024-04-29T18-13-07_FLAG_P_FID_1500_OID_1g8_mbk-14-11-vehicle-snapshot_1714389001_1714389187_1500.jpg,719,mbk-14-11_1714389001.mp4,0.8822678327560425,premium,,1นค8151,1238,0.9266278147697448,mbk-14-11-vehicle-snapshot_1714389001.mp4,0.9999924128831876,1นค8151,van,0.6845192805740719,mbk-14-11-vehicle-snapshot,2196,white,mbk-14-11-vehicle-snapshot_1714389001.mp4,0.4579076468944549,th-10,1717.0,359.5,1714389187,1714389224,[],0,[],0
37.46900010108948,17.56591796875,0,True,2024-04-29 11:14:22.331,270.0,2024-04-29 11:10:01,nissan,2100,17.56591796875,2024-04-29T18-14-22_FLAG_P_FID_2100_OID_1g9_mbk-14-11-vehicle-snapshot_1714389001_1714389262_2100.jpg,719,mbk-14-11_1714389001.mp4,0.9976884126663208,premium,,1นค8151,1240,0.9390644431114196,mbk-14-11-vehicle-snapshot_1714389001.mp4,0.999991557060552,1นค8151,van,0.6900889773554962,mbk-14-11-vehicle-snapshot,2196,white,mbk-14-11-vehicle-snapshot_1714389001.mp4,0.6633708477020264,th-10,1718.0,359.5,1714389262,1714389299,[],0,[],0
1.678999900817871,0.0,0,True,2024-04-29 11:15:01.000,0.0,2024-04-29 11:15:01,nissan,0,0.0,2024-04-29T18-15-01_FLAG_P_FID_0_OID_1g10_mbk-14-11-vehicle-snapshot_1714389301_1714389301_0.jpg,716,mbk-14-11_1714389301.mp4,0.9982460737228394,economy,,1นค8151,1238,0.942210018634796,mbk-14-11-vehicle-snapshot_1714389301.mp4,0.9999988462147124,1นค8151,pickup,0.6756404662338962,mbk-14-11-vehicle-snapshot,2198,white,mbk-14-11-vehicle-snapshot_1714389301.mp4,0.4650463759899139,th-10,1718.0,358.0,1714389301,1714389302,[],0,[],0
37.47000002861023,7.123287175373651,0,True,2024-04-29 11:16:15.104,9.462322208025768,2024-04-29 11:15:01,nissan,600,7.123287175373651,2024-04-29T18-16-15_FLAG_P_FID_600_OID_1g11_mbk-14-11-vehicle-snapshot_1714389301_1714389375_600.jpg,716,mbk-14-11_1714389301.mp4,0.9990702271461488,economy,,1นค8151,1238,0.9281503558158876,mbk-14-11-vehicle-snapshot_1714389301.mp4,0.9999952570624842,1นค8151,pickup,0.687461420943922,mbk-14-11-vehicle-snapshot,2210,white,mbk-14-11-vehicle-snapshot_1714389301.mp4,0.9277117252349854,th-10,1724.0,358.0,1714389375,1714389412,[],0,[],0
37.47000002861023,2.6185724443539424,0,True,2024-04-29 11:17:30.083,206.56505117707908,2024-04-29 11:15:01,nissan,1200,2.6185724443539424,2024-04-29T18-17-30_FLAG_P_FID_1200_OID_1g12_mbk-14-11-vehicle-snapshot_1714389301_1714389450_1200.jpg,719,mbk-14-11_1714389301.mp4,0.9746047258377076,economy,,1นค8151,1238,0.9547792077064514,mbk-14-11-vehicle-snapshot_1714389301.mp4,0.9999314418274372,1นค8151,pickup,0.6903722847164485,mbk-14-11-vehicle-snapshot,2210,white,mbk-14-11-vehicle-snapshot_1714389301.mp4,0.6130356788635254,th-10,1724.0,359.5,1714389450,1714389487,[],0,[],0
37.47000002861023,8.197428385416742,0,True,2024-04-29 11:18:45.062,180.0,2024-04-29 11:15:01,nissan,1800,8.197428385416742,2024-04-29T18-18-45_FLAG_P_FID_1800_OID_1g13_mbk-14-11-vehicle-snapshot_1714389301_1714389525_1800.jpg,716,mbk-14-11_1714389301.mp4,0.9724827408790588,economy,,1นค8151,1240,0.8528257608413696,mbk-14-11-vehicle-snapshot_1714389301.mp4,0.9999995529647868,1นค8151,pickup,0.6672218503684674,mbk-14-11-vehicle-snapshot,2198,white,mbk-14-11-vehicle-snapshot_1714389301.mp4,0.3679397106170654,th-10,1719.0,358.0,1714389525,1714389562,[],0,[],0
36.58999991416931,1.1710611979167425,0,True,2024-04-29 11:19:59.161,180.0,2024-04-29 11:20:01,nissan,2400,1.1710611979167425,2024-04-29T18-19-59_FLAG_P_FID_2400_OID_1g14_mbk-14-11-vehicle-snapshot_1714389301_1714389599_2400.jpg,719,mbk-14-11_1714389301.mp4,0.9115085005760192,premium,,1นค8151,1235,0.9232786893844604,mbk-14-11-vehicle-snapshot_1714389301.mp4,0.9999959254972596,1นค8151,van,0.6831924141198522,mbk-14-11-vehicle-snapshot,2193,white,mbk-14-11-vehicle-snapshot_1714389601.mp4,0.4395853877067566,th-10,1714.0,359.5,1714389599,1714389635,[76],3,[],0
36.63499999046326,56.599945169279394,0,True,2024-04-29 11:20:37.635,24.44395478041646,2024-04-29 11:20:01,nissan,300,56.599945169279394,2024-04-29T18-20-37_FLAG_P_FID_300_OID_1g15_mbk-14-11-vehicle-snapshot_1714389601_1714389637_300.jpg,672,mbk-14-11_1714389601.mp4,0.9999158382415771,economy,,1นค8151,1320,0.9757848978042604,mbk-14-11-vehicle-snapshot_1714389601.mp4,0.9999781977075386,1นค8151,pickup,0.669773512114318,mbk-14-11-vehicle-snapshot,2212,white,mbk-14-11-vehicle-snapshot_1714389601.mp4,0.997042953968048,th-10,1766.0,336.0,1714389637,1714389673,[77],2,[],0
2.7179999351501465,41.12075969610728,0,True,2024-04-29 11:35:01.000,199.9831065219,2024-04-29 11:35:01,toyota,0,41.12075969610728,2024-04-29T18-35-01_FLAG_P_FID_0_OID_14g0_mbk-14-11-vehicle-snapshot_1714390501_1714390501_0.jpg,370,mbk-14-11_1714390501.mp4,0.999657154083252,economy,,1มก9013,1795,0.9997615218162536,mbk-14-11-vehicle-snapshot_1714390501.mp4,0.9998264452561806,1มก9013,taxi,0.43688924587378,mbk-14-11-vehicle-snapshot,2250,yellow,mbk-14-11-vehicle-snapshot_1714390501.mp4,0.9999854564666748,th-10,2022.5,185.0,1714390501,1714390503,[],0,[],0
37.46900010108948,4.828409013072746,28,True,2024-04-29 11:36:15.104,75.96375653207532,2024-04-29 11:40:01,toyota,600,4.828409013072746,2024-04-29T18-36-15_FLAG_P_FID_600_OID_20g0_mbk-14-11-vehicle-snapshot_1714390501_1714390575_600.jpg,590,mbk-14-11_1714390501.mp4,0.9950369000434875,economy,,1มก9013,1109,0.9988420605659484,mbk-14-11-vehicle-snapshot_1714390501.mp4,0.9978096108510484,1มก9013,taxi,0.4803789353517119,mbk-14-11-vehicle-snapshot,2025,yellow,mbk-14-11-vehicle-snapshot_1714390801.mp4,0.9999988079071044,th-10,1567.0,309.0,1714390575,1714390612,[],0,[],0
37.47000002861023,10.474289777416049,0,True,2024-04-29 13:06:15.104,116.56505117707836,2024-04-29 13:05:01,other,600,10.474289777416049,2024-04-29T20-06-15_FLAG_P_FID_600_OID_7g0_mbk-14-11-vehicle-snapshot_1714395901_1714395975_600.jpg,299,mbk-14-11_1714395901.mp4,0.9071767330169678,,,333115,1683,0.5302675366401672,mbk-14-11-vehicle-snapshot_1714395901.mp4,0.9995516939052628,333115,pickup,0.495238002633167,mbk-14-11-vehicle-snapshot,2360,red,mbk-14-11-vehicle-snapshot_1714395901.mp4,0.6034998297691345,th-10,2021.5,149.5,1714395975,1714396012,[],0,[],0
37.47000002861023,8.280653142313014,0,True,2024-04-29 13:07:30.083,171.8698976458439,2024-04-29 13:10:02,discard,1200,8.280653142313014,2024-04-29T20-07-30_FLAG_P_FID_1200_OID_7g1_mbk-14-11-vehicle-snapshot_1714395901_1714396050_1200.jpg,297,mbk-14-11_1714395901.mp4,0.9436437487602234,,,333115,1673,0.9904494881629944,mbk-14-11-vehicle-snapshot_1714395901.mp4,0.9303547283259134,333115,other,0.482823966557994,mbk-14-11-vehicle-snapshot,2364,red,mbk-14-11-vehicle-snapshot_1714396202.mp4,0.5581800937652588,,2018.5,148.5,1714396050,1714396087,"[29, 30]",8,[],0
300.0,314.1086524899365,112,False,2024-04-29 13:26:52.654,235.48047551870468,2024-04-29 13:25:01,discard,900,584.4007063487879,2024-04-29T20-26-52_FLAG_P_FID_900_OID_2g0_mbk-14-11-vehicle-snapshot_1714397101_1714397212_900.jpg,751,mbk-14-11_1714397101.mp4,,,,,264,0.9989180564880372,mbk-14-11-vehicle-snapshot_1714397101.mp4,,,sedan,,mbk-14-11-vehicle-snapshot,1107,,mbk-14-11-vehicle-snapshot_1714397101.mp4,0.3473449945449829,,685.5,431.5,1714397212,1714397512,[],0,[96],2
974.1040000915528,600.0051786681598,0,False,2024-04-29 13:41:15.104,196.20652767239892,2024-04-29 13:40:01,discard,600,1526.8227061396271,2024-04-29T20-41-15_FLAG_P_FID_600_OID_3g0_mbk-14-11-vehicle-snapshot_1714398001_1714398075_600.jpg,740,mbk-14-11_1714398001.mp4,,,,,266,0.9997654557228088,mbk-14-11-vehicle-snapshot_1714398001.mp4,,,suv,,mbk-14-11-vehicle-snapshot,1271,,mbk-14-11-vehicle-snapshot_1714398001.mp4,0.9987840056419371,,768.5,370.0,1714398075,1714399049,[80],3,[],0
750.8770000934601,257.5402940996825,0,True,2024-04-29 13:55:01.000,200.49505984664515,2024-04-29 13:55:01,discard,0,1869.842932462238,2024-04-29T20-55-01_FLAG_P_FID_0_OID_19g0_mbk-14-11-vehicle-snapshot_1714398901_1714398901_0.jpg,545,mbk-14-11_1714398901.mp4,0.9372613430023192,,,3ฉ387,573,0.9987611770629884,mbk-14-11-vehicle-snapshot_1714398901.mp4,0.5909803625399076,3ฉ387,pickup,0.3039895329090038,mbk-14-11-vehicle-snapshot,1624,white,mbk-14-11-vehicle-snapshot_1714398901.mp4,1.0,,1098.5,272.5,1714398901,1714399651,[50],2,[-1],18
187.42799997329712,433.6438192775437,65,False,2024-04-29 13:58:45.062,212.87467702590723,2024-04-29 13:55:01,discard,1800,455.2689259696693,2024-04-29T20-58-45_FLAG_P_FID_1800_OID_19g1_mbk-14-11-vehicle-snapshot_1714398901_1714399125_1800.jpg,674,mbk-14-11_1714398901.mp4,,,,,395,0.9999288320541382,mbk-14-11-vehicle-snapshot_1714398901.mp4,,,sedan,,mbk-14-11-vehicle-snapshot,1437,,mbk-14-11-vehicle-snapshot_1714398901.mp4,0.7270112633705139,,916.0,369.5,1714399125,1714399312,[51],4,[65],3
35.58999991416931,1.65613062846266,72,False,2024-04-29 13:59:58.241,224.9999999999972,2024-04-29 13:55:01,discard,2400,1.65613062846266,2024-04-29T20-59-58_FLAG_P_FID_2400_OID_19g2_mbk-14-11-vehicle-snapshot_1714398901_1714399198_2400.jpg,700,mbk-14-11_1714398901.mp4,,,,,378,0.9998854398727416,mbk-14-11-vehicle-snapshot_1714398901.mp4,,,suv,,mbk-14-11-vehicle-snapshot,1421,,mbk-14-11-vehicle-snapshot_1714398901.mp4,0.521438717842102,,899.5,386.0,1714399198,1714399233,[],0,[],0
36.63499999046326,2.3421223958333144,70,False,2024-04-29 14:00:37.635,90.0,2024-04-29 14:00:01,discard,300,2.3421223958333144,2024-04-29T21-00-37_FLAG_P_FID_300_OID_1g0_mbk-14-11-vehicle-snapshot_1714399201_1714399237_300.jpg,700,mbk-14-11_1714399201.mp4,,,,,376,0.9995284080505372,mbk-14-11-vehicle-snapshot_1714399201.mp4,,,suv,,mbk-14-11-vehicle-snapshot,1421,,mbk-14-11-vehicle-snapshot_1714399201.mp4,0.6542025208473206,,898.5,385.0,1714399237,1714399273,[],0,[66],3
37.509000062942505,181.55981141917744,126,False,2024-04-29 14:01:52.614,213.69006752597977,2024-04-29 14:00:01,discard,900,181.55981141917744,2024-04-29T21-01-52_FLAG_P_FID_900_OID_1g1_mbk-14-11-vehicle-snapshot_1714399201_1714399312_900.jpg,833,mbk-14-11_1714399201.mp4,,,,,264,0.9999997615814208,mbk-14-11-vehicle-snapshot_1714399201.mp4,,,sedan,,mbk-14-11-vehicle-snapshot,1224,,mbk-14-11-vehicle-snapshot_1714399201.mp4,0.932390570640564,,744.0,479.5,1714399312,1714399349,[],0,[],0
37.508999824523926,4.684244791666686,126,False,2024-04-29 14:03:07.593,90.0,2024-04-29 14:00:01,discard,1500,4.684244791666686,2024-04-29T21-03-07_FLAG_P_FID_1500_OID_1g2_mbk-14-11-vehicle-snapshot_1714399201_1714399387_1500.jpg,833,mbk-14-11_1714399201.mp4,,,,,264,0.9999998807907104,mbk-14-11-vehicle-snapshot_1714399201.mp4,,,sedan,,mbk-14-11-vehicle-snapshot,1221,,mbk-14-11-vehicle-snapshot_1714399201.mp4,0.9876698851585388,,742.5,479.5,1714399387,1714399424,[],0,[],0
37.46900010108948,2.618572444354044,124,False,2024-04-29 14:04:22.572,206.565051177078,2024-04-29 14:00:01,discard,2100,2.618572444354044,2024-04-29T21-04-22_FLAG_P_FID_2100_OID_1g3_mbk-14-11-vehicle-snapshot_1714399201_1714399462_2100.jpg,838,mbk-14-11_1714399201.mp4,,,,,263,0.9999998807907104,mbk-14-11-vehicle-snapshot_1714399201.mp4,,,sedan,,mbk-14-11-vehicle-snapshot,1219,,mbk-14-11-vehicle-snapshot_1714399201.mp4,0.8668615818023682,,741.0,481.0,1714399462,1714399499,[],0,[],0
2.7980000972747803,1.1710611979166288,124,False,2024-04-29 14:05:01.000,270.0,2024-04-29 14:05:01,discard,0,1.1710611979166288,2024-04-29T21-05-01_FLAG_P_FID_0_OID_1g4_mbk-14-11-vehicle-snapshot_1714399501_1714399501_0.jpg,840,mbk-14-11_1714399501.mp4,,,,,264,0.9999997615814208,mbk-14-11-vehicle-snapshot_1714399501.mp4,,,sedan,,mbk-14-11-vehicle-snapshot,1224,,mbk-14-11-vehicle-snapshot_1714399501.mp4,0.5256809592247009,,744.0,482.0,1714399501,1714399503,[22],2,[],0
825.0199999809265,161.8650598820737,0,False,2024-04-29 14:45:37.634,215.87499135206403,2024-04-29 14:45:01,discard,300,307.792395762408,2024-04-29T21-45-37_FLAG_P_FID_300_OID_6g0_mbk-14-11-vehicle-snapshot_1714401901_1714401937_300.jpg,419,mbk-14-11_1714401901.mp4,,,,,1121,0.9981213212013244,mbk-14-11-vehicle-snapshot_1714401901.mp4,,,truck,,mbk-14-11-vehicle-snapshot,1880,,mbk-14-11-vehicle-snapshot_1714401901.mp4,0.9646543264389038,,1500.5,209.5,1714401937,1714402762,[],0,[39],3
1497.680999994278,220.72251425075632,149,False,2024-04-29 14:49:58.681,211.32869286780416,2024-04-29 14:50:01,discard,2400,2345.6776032775515,2024-04-29T21-49-58_FLAG_P_FID_2400_OID_1g0_mbk-14-11-vehicle-snapshot_1714401901_1714402198_2400.jpg,789,mbk-14-11_1714401901.mp4,,,,,266,0.9999990463256836,mbk-14-11-vehicle-snapshot_1714401901.mp4,,,taxi,,mbk-14-11-vehicle-snapshot,887,,mbk-14-11-vehicle-snapshot_1714402201.mp4,0.9965521097183228,,576.5,469.0,1714402198,1714403695,[],0,[],0
74.97900009155273,70.30269641112444,388,False,2024-04-29 15:14:22.612,91.90915243299632,2024-04-29 15:10:01,bike,2100,70.30269641112444,2024-04-29T22-14-22_FLAG_P_FID_2100_OID_6g0_mbk-14-11-vehicle-snapshot_1714403401_1714403662_2100.jpg,826,mbk-14-11_1714403401.mp4,,,,,1292,0.5377095341682434,mbk-14-11-vehicle-snapshot_1714403401.mp4,,,motorbike,,mbk-14-11-vehicle-snapshot,1507,,mbk-14-11-vehicle-snapshot_1714403401.mp4,0.9760230779647828,,1399.5,607.0,1714403662,1714403736,[19],3,[67],2
2.197999954223633,5.237144888707885,386,False,2024-04-29 15:20:01.000,206.56505117707908,2024-04-29 15:25:01,bike,0,5.237144888707885,2024-04-29T22-20-01_FLAG_P_FID_0_OID_10g0_mbk-14-11-vehicle-snapshot_1714404001_1714404001_0.jpg,768,mbk-14-11_1714404001.mp4,,,,,1308,0.9991257786750792,mbk-14-11-vehicle-snapshot_1714404001.mp4,,,motorbike,,mbk-14-11-vehicle-snapshot,1781,,mbk-14-11-vehicle-snapshot_1714404301.mp4,0.9998090863227844,,1544.5,577.0,1714404001,1714404003,[10],2,[],0
74.9779999256134,308.56518146459933,107,False,2024-04-29 16:47:30.083,235.8274531038254,2024-04-29 16:45:01,discard,1200,308.56518146459933,2024-04-29T23-47-30_FLAG_P_FID_1200_OID_2g0_mbk-14-11-vehicle-snapshot_1714409101_1714409250_1200.jpg,754,mbk-14-11_1714409101.mp4,,,,,266,0.999129354953766,mbk-14-11-vehicle-snapshot_1714409101.mp4,,,sedan,,mbk-14-11-vehicle-snapshot,1093,,mbk-14-11-vehicle-snapshot_1714409101.mp4,0.6594941020011902,,679.5,430.5,1714409250,1714409324,[],0,[],0
37.46900010108948,1.6561306284626198,100,False,2024-04-29 16:48:45.062,134.99999999999864,2024-04-29 16:45:01,discard,1800,1.6561306284626198,2024-04-29T23-48-45_FLAG_P_FID_1800_OID_2g1_mbk-14-11-vehicle-snapshot_1714409101_1714409325_1800.jpg,751,mbk-14-11_1714409101.mp4,,,,,264,0.9995860457420348,mbk-14-11-vehicle-snapshot_1714409101.mp4,,,taxi,,mbk-14-11-vehicle-snapshot,1090,,mbk-14-11-vehicle-snapshot_1714409101.mp4,0.4996617436408996,,677.0,425.5,1714409325,1714409362,[],0,[],0
36.670000076293945,0.0,103,False,2024-04-29 16:49:59.242,0.0,2024-04-29 16:50:01,discard,2400,0.0,2024-04-29T23-49-59_FLAG_P_FID_2400_OID_2g2_mbk-14-11-vehicle-snapshot_1714409101_1714409399_2400.jpg,751,mbk-14-11_1714409101.mp4,,,,,266,0.9987561702728271,mbk-14-11-vehicle-snapshot_1714409101.mp4,,,van,,mbk-14-11-vehicle-snapshot,1093,,mbk-14-11-vehicle-snapshot_1714409401.mp4,0.2969579696655273,,679.5,427.0,1714409399,1714409435,[],0,[],0
36.63499999046326,1.6561306284627004,100,False,2024-04-29 16:50:37.635,135.0000000000014,2024-04-29 16:50:01,discard,300,1.6561306284627004,2024-04-29T23-50-37_FLAG_P_FID_300_OID_2g3_mbk-14-11-vehicle-snapshot_1714409401_1714409437_300.jpg,751,mbk-14-11_1714409401.mp4,,,,,264,0.9996308088302612,mbk-14-11-vehicle-snapshot_1714409401.mp4,,,van,,mbk-14-11-vehicle-snapshot,1093,,mbk-14-11-vehicle-snapshot_1714409401.mp4,0.3583326935768127,,678.5,425.5,1714409437,1714409473,[],0,[],0
37.50999999046326,1.6561306284627004,103,False,2024-04-29 16:51:52.614,224.9999999999986,2024-04-29 16:50:01,discard,900,1.6561306284627004,2024-04-29T23-51-52_FLAG_P_FID_900_OID_2g4_mbk-14-11-vehicle-snapshot_1714409401_1714409512_900.jpg,751,mbk-14-11_1714409401.mp4,,,,,266,0.999449908733368,mbk-14-11-vehicle-snapshot_1714409401.mp4,,,taxi,,mbk-14-11-vehicle-snapshot,1090,,mbk-14-11-vehicle-snapshot_1714409401.mp4,0.4195364117622375,,678.0,427.0,1714409512,1714409549,[],0,[],0
150.9170000553131,2.618572444354019,100,False,2024-04-29 16:55:01.000,116.56505117707688,2024-04-29 16:55:01,discard,0,2.618572444354019,2024-04-29T23-55-01_FLAG_P_FID_0_OID_2g5_mbk-14-11-vehicle-snapshot_1714409701_1714409701_0.jpg,749,mbk-14-11_1714409701.mp4,,,,,264,0.9995402097702026,mbk-14-11-vehicle-snapshot_1714409701.mp4,,,taxi,,mbk-14-11-vehicle-snapshot,1090,,mbk-14-11-vehicle-snapshot_1714409701.mp4,0.6319621205329895,,677.0,424.5,1714409701,1714409851,[],0,[],0
37.46900010108948,2.618572444354044,100,False,2024-04-29 16:56:15.104,153.434948822922,2024-04-29 16:55:01,discard,600,2.618572444354044,2024-04-29T23-56-15_FLAG_P_FID_600_OID_2g6_mbk-14-11-vehicle-snapshot_1714409701_1714409775_600.jpg,751,mbk-14-11_1714409701.mp4,,,,,264,0.999247670173645,mbk-14-11-vehicle-snapshot_1714409701.mp4,,,taxi,,mbk-14-11-vehicle-snapshot,1093,,mbk-14-11-vehicle-snapshot_1714409701.mp4,0.4034775793552398,,678.5,425.5,1714409775,1714409812,[],0,[],0
37.55000019073486,1.6561306284625796,98,False,2024-04-29 16:57:30.163,135.0,2024-04-29 16:55:01,discard,1200,1.6561306284625796,2024-04-29T23-57-30_FLAG_P_FID_1200_OID_2g7_mbk-14-11-vehicle-snapshot_1714409701_1714409850_1200.jpg,749,mbk-14-11_1714409701.mp4,,,,,264,0.9990529417991638,mbk-14-11-vehicle-snapshot_1714409701.mp4,,,taxi,,mbk-14-11-vehicle-snapshot,1090,,mbk-14-11-vehicle-snapshot_1714409701.mp4,0.5543665289878845,,677.0,423.5,1714409850,1714409887,[],0,[],0
37.47000002861023,0.0,100,False,2024-04-29 16:58:45.142,0.0,2024-04-29 16:55:01,discard,1800,0.0,2024-04-29T23-58-45_FLAG_P_FID_1800_OID_2g8_mbk-14-11-vehicle-snapshot_1714409701_1714409925_1800.jpg,751,mbk-14-11_1714409701.mp4,,,,,264,0.9993730187416076,mbk-14-11-vehicle-snapshot_1714409701.mp4,,,taxi,,mbk-14-11-vehicle-snapshot,1093,,mbk-14-11-vehicle-snapshot_1714409701.mp4,0.45479616522789,,678.5,425.5,1714409925,1714409962,[],0,[],0
35.50999999046326,1.1710611979167425,103,False,2024-04-29 16:59:58.161,180.0,2024-04-29 16:55:01,discard,2400,1.1710611979167425,2024-04-29T23-59-58_FLAG_P_FID_2400_OID_2g9_mbk-14-11-vehicle-snapshot_1714409701_1714409998_2400.jpg,749,mbk-14-11_1714409701.mp4,,,,,264,0.9991044402122498,mbk-14-11-vehicle-snapshot_1714409701.mp4,,,pickup,,mbk-14-11-vehicle-snapshot,1093,,mbk-14-11-vehicle-snapshot_1714409701.mp4,0.3490086197853088,,678.5,426.0,1714409998,1714410033,[],0,[],0
